fulcrum_id,fulcrum_parent_id,fulcrum_record_id,fulcrum_record_version,version,latitude,longitude,geometry,created_at,updated_at,created_by,updated_by,bag_id,time_of_capture,body_temperature,microhabitat_type,microhabitat_temperature,bag_photo,bag_photo_caption,bag_photo_url,amphibian_comments
5211a4c3-3834-4452-8064-4b70f9413caf,a71aec87-0564-48a0-bd5b-daa7b4564ed5,a71aec87-0564-48a0-bd5b-daa7b4564ed5,1,1,41.642525344970494,-80.4293342990032,POINT (-80.4293342990032 41.642525344970494),2022-05-20 01:08:36 UTC,2022-05-20 01:11:29 UTC,bdh64@pitt.edu,bdh64@pitt.edu,Bag30,21:08,18.2,Emergent Vegetation (Lower than 1m),18.4,f2f3dd03-71a2-448e-91bb-8c42ec59c4c1,,https://web.fulcrumapp.com/photos/view?photos=f2f3dd03-71a2-448e-91bb-8c42ec59c4c1,
26fee85c-d4c1-489e-80bd-400907e9534b,a71aec87-0564-48a0-bd5b-daa7b4564ed5,a71aec87-0564-48a0-bd5b-daa7b4564ed5,1,1,41.642521711765596,-80.42881330824729,POINT (-80.42881330824729 41.642521711765596),2022-05-20 01:11:30 UTC,2022-05-20 01:12:02 UTC,bdh64@pitt.edu,bdh64@pitt.edu,Bag29,21:11,18.2,Emergent Vegetation (Lower than 1m),18.2,e22e0c34-ac7c-4027-a950-4ad84d8a217d,,https://web.fulcrumapp.com/photos/view?photos=e22e0c34-ac7c-4027-a950-4ad84d8a217d,
e24f8aa0-ef58-4e14-ad56-c5122d76c3f9,a71aec87-0564-48a0-bd5b-daa7b4564ed5,a71aec87-0564-48a0-bd5b-daa7b4564ed5,1,1,41.642428179510375,-80.42898409226919,POINT (-80.42898409226919 41.642428179510375),2022-05-20 01:18:15 UTC,2022-05-20 01:26:57 UTC,bdh64@pitt.edu,bdh64@pitt.edu,Bag16,21:18,18.2,Tree/Log/Bush (Lower than 1m),18.2,16553888-75b0-452d-bf38-885f34809111,,https://web.fulcrumapp.com/photos/view?photos=16553888-75b0-452d-bf38-885f34809111,
a0a8a4d1-ee01-43f3-a5ba-bc0c37fb1931,a71aec87-0564-48a0-bd5b-daa7b4564ed5,a71aec87-0564-48a0-bd5b-daa7b4564ed5,1,1,41.64189073158327,-80.4281196467393,POINT (-80.4281196467393 41.64189073158327),2022-05-20 01:34:21 UTC,2022-05-20 01:34:57 UTC,bdh64@pitt.edu,bdh64@pitt.edu,Bag28,21:34,19.4,Water,19.7,5e3d058b-9aed-4204-90c0-5f7571358273,,https://web.fulcrumapp.com/photos/view?photos=5e3d058b-9aed-4204-90c0-5f7571358273,
41a9ff8f-9446-4186-8994-874029a00563,a71aec87-0564-48a0-bd5b-daa7b4564ed5,a71aec87-0564-48a0-bd5b-daa7b4564ed5,1,1,41.64247030828389,-80.42897599950979,POINT (-80.42897599950979 41.64247030828389),2022-05-20 01:43:31 UTC,2022-05-20 01:44:06 UTC,bdh64@pitt.edu,bdh64@pitt.edu,Bag27,21:43,20.1,Water,20.4,1f66b20b-3b9a-47e7-b60a-e5e06fa6ee35,,https://web.fulcrumapp.com/photos/view?photos=1f66b20b-3b9a-47e7-b60a-e5e06fa6ee35,
62d9d770-0bb5-4e48-8bae-b86c42d47e44,a71aec87-0564-48a0-bd5b-daa7b4564ed5,a71aec87-0564-48a0-bd5b-daa7b4564ed5,1,1,41.64253975055409,-80.42899377673639,POINT (-80.42899377673639 41.64253975055409),2022-05-20 01:47:21 UTC,2022-05-20 01:47:56 UTC,bdh64@pitt.edu,bdh64@pitt.edu,Bag06,21:47,18.6,Wet ground,18.8,2d6d1f37-af35-430b-bc14-0ce262d44f04,,https://web.fulcrumapp.com/photos/view?photos=2d6d1f37-af35-430b-bc14-0ce262d44f04,
c13932b5-3ad9-4e60-8ae5-ef7806d0292f,a71aec87-0564-48a0-bd5b-daa7b4564ed5,a71aec87-0564-48a0-bd5b-daa7b4564ed5,1,1,41.64217051882185,-80.42891399699444,POINT (-80.42891399699444 41.64217051882185),2022-05-20 02:20:04 UTC,2022-05-20 02:20:34 UTC,bdh64@pitt.edu,bdh64@pitt.edu,Bag18,22:20,19.4,Water,19.6,c30e398e-e9e5-48ee-a3c9-df9117df7392,,https://web.fulcrumapp.com/photos/view?photos=c30e398e-e9e5-48ee-a3c9-df9117df7392,
a4b82347-03be-4db8-bdcb-20fa412048c5,a71aec87-0564-48a0-bd5b-daa7b4564ed5,a71aec87-0564-48a0-bd5b-daa7b4564ed5,1,1,41.6425326154048,-80.42910988248886,POINT (-80.42910988248886 41.6425326154048),2022-05-20 02:40:52 UTC,2022-05-20 02:41:24 UTC,bdh64@pitt.edu,bdh64@pitt.edu,Bag19,22:40,19.4,Water,19.7,6daf3070-03b7-4593-af5e-07f9f6bb00de,,https://web.fulcrumapp.com/photos/view?photos=6daf3070-03b7-4593-af5e-07f9f6bb00de,
238e379f-ab25-4539-9e29-23c1803035f7,a71aec87-0564-48a0-bd5b-daa7b4564ed5,a71aec87-0564-48a0-bd5b-daa7b4564ed5,1,1,41.64233581577634,-80.42785265896595,POINT (-80.42785265896595 41.64233581577634),2022-05-20 02:57:53 UTC,2022-05-20 02:58:27 UTC,bdh64@pitt.edu,bdh64@pitt.edu,Bag17,22:57,18.4,Water,18.6,8987abb6-ea9b-4d42-b33c-60e76136dfc6,,https://web.fulcrumapp.com/photos/view?photos=8987abb6-ea9b-4d42-b33c-60e76136dfc6,
b15bc6da-32aa-4f36-bc35-786d7faf1dba,8322e922-3871-46bf-a73c-2fc4985876ba,8322e922-3871-46bf-a73c-2fc4985876ba,1,1,41.641968525985135,-80.42889084674458,POINT (-80.42889084674458 41.641968525985135),2022-05-20 01:03:04 UTC,2022-05-20 01:04:13 UTC,bdh64@pitt.edu,bdh64@pitt.edu,Bag02,21:03,19.2,Water,18.8,fc60daf4-a867-4dae-ae86-cc5243476639,,https://web.fulcrumapp.com/photos/view?photos=fc60daf4-a867-4dae-ae86-cc5243476639,
3c08cbb3-c284-4bb3-a304-823d04af0a6e,8322e922-3871-46bf-a73c-2fc4985876ba,8322e922-3871-46bf-a73c-2fc4985876ba,1,1,41.64193386681531,-80.42911137461702,POINT (-80.42911137461702 41.64193386681531),2022-05-20 01:09:18 UTC,2022-05-20 01:10:19 UTC,bdh64@pitt.edu,bdh64@pitt.edu,Bag01,21:09,18.3,Tree/Log/Bush (Lower than 1m),17.5,67a45464-e3d2-4e15-b70e-716dda775401,,https://web.fulcrumapp.com/photos/view?photos=67a45464-e3d2-4e15-b70e-716dda775401,
125258d2-62db-489a-b4f9-3b36698d3404,8322e922-3871-46bf-a73c-2fc4985876ba,8322e922-3871-46bf-a73c-2fc4985876ba,1,1,41.641885838510134,-80.42896896608214,POINT (-80.42896896608214 41.641885838510134),2022-05-20 01:12:42 UTC,2022-05-20 01:13:21 UTC,bdh64@pitt.edu,bdh64@pitt.edu,Bag04,21:12,18,Water,17.9,68778835-4137-4a3a-8300-3fdcfbca25a7,,https://web.fulcrumapp.com/photos/view?photos=68778835-4137-4a3a-8300-3fdcfbca25a7,
2a4da878-de3a-410f-b518-0b936bc98a54,8322e922-3871-46bf-a73c-2fc4985876ba,8322e922-3871-46bf-a73c-2fc4985876ba,1,1,41.64188274103904,-80.42810659967539,POINT (-80.42810659967539 41.64188274103904),2022-05-20 01:17:14 UTC,2022-05-20 01:18:04 UTC,bdh64@pitt.edu,bdh64@pitt.edu,Bag07,21:17,18.2,Water,18.2,749377f6-be1b-41b1-855f-17048f501de4,,https://web.fulcrumapp.com/photos/view?photos=749377f6-be1b-41b1-855f-17048f501de4,
70f2f7d5-d0a0-42c8-b3f3-87251b50c5aa,8322e922-3871-46bf-a73c-2fc4985876ba,8322e922-3871-46bf-a73c-2fc4985876ba,1,1,41.6418879379289,-80.42811666631597,POINT (-80.42811666631597 41.6418879379289),2022-05-20 01:21:05 UTC,2022-05-20 01:21:57 UTC,bdh64@pitt.edu,bdh64@pitt.edu,Bag10,21:21,18.2,Water,18.3,aa20fbe1-d1d2-4a84-a8cb-921132a752d0,,https://web.fulcrumapp.com/photos/view?photos=aa20fbe1-d1d2-4a84-a8cb-921132a752d0,
47d44b03-88c2-4204-86c3-def426b50633,8322e922-3871-46bf-a73c-2fc4985876ba,8322e922-3871-46bf-a73c-2fc4985876ba,1,1,41.64219517264668,-80.428841728792,POINT (-80.428841728792 41.64219517264668),2022-05-20 01:25:48 UTC,2022-05-20 01:26:33 UTC,bdh64@pitt.edu,bdh64@pitt.edu,Bag08,21:25,18.1,Water,18,c01ce459-70f0-42ce-8202-034604010ce0,,https://web.fulcrumapp.com/photos/view?photos=c01ce459-70f0-42ce-8202-034604010ce0,
492083bf-770d-4ada-85d7-9da13a21d361,8322e922-3871-46bf-a73c-2fc4985876ba,8322e922-3871-46bf-a73c-2fc4985876ba,1,1,41.64188774654646,-80.42811576549316,POINT (-80.42811576549316 41.64188774654646),2022-05-20 01:28:59 UTC,2022-05-20 01:29:43 UTC,bdh64@pitt.edu,bdh64@pitt.edu,Bag05,21:28,18.3,Water,18.3,3d702528-f451-4c1d-88e5-2f8c87a918ac,,https://web.fulcrumapp.com/photos/view?photos=3d702528-f451-4c1d-88e5-2f8c87a918ac,
7fce6149-2af8-4bc2-8efc-e02bf4b7f0e8,8322e922-3871-46bf-a73c-2fc4985876ba,8322e922-3871-46bf-a73c-2fc4985876ba,1,1,41.64189239534658,-80.42811139184126,POINT (-80.42811139184126 41.64189239534658),2022-05-20 01:32:07 UTC,2022-05-20 01:32:55 UTC,bdh64@pitt.edu,bdh64@pitt.edu,Bag09,21:32,17.8,Water,18,f955b55c-6c9f-4eb5-a39d-01cd8d077064,,https://web.fulcrumapp.com/photos/view?photos=f955b55c-6c9f-4eb5-a39d-01cd8d077064,
2d0823da-ff06-4ce6-b66c-0d8259e806fd,8322e922-3871-46bf-a73c-2fc4985876ba,8322e922-3871-46bf-a73c-2fc4985876ba,1,1,41.64188955616971,-80.42811969655077,POINT (-80.42811969655077 41.64188955616971),2022-05-20 01:37:02 UTC,2022-05-20 01:38:15 UTC,bdh64@pitt.edu,bdh64@pitt.edu,Bag15,21:37,17.6,Water,17.8,462bb5df-49ec-4f8f-b71b-018ae889990f,,https://web.fulcrumapp.com/photos/view?photos=462bb5df-49ec-4f8f-b71b-018ae889990f,
89731d0e-02c0-457f-8861-dfa90a3914b6,8322e922-3871-46bf-a73c-2fc4985876ba,8322e922-3871-46bf-a73c-2fc4985876ba,1,1,41.64188912455494,-80.42811453256188,POINT (-80.42811453256188 41.64188912455494),2022-05-20 01:40:24 UTC,2022-05-20 01:41:07 UTC,bdh64@pitt.edu,bdh64@pitt.edu,Bag21,21:40,17.5,Leaf litter,17.5,8133ece0-929d-492c-b59e-ac1a2355249d,,https://web.fulcrumapp.com/photos/view?photos=8133ece0-929d-492c-b59e-ac1a2355249d,
8ced5f6b-298e-4629-8a31-a2d8fa3612ac,8322e922-3871-46bf-a73c-2fc4985876ba,8322e922-3871-46bf-a73c-2fc4985876ba,1,1,41.6418877430949,-80.42811587399721,POINT (-80.42811587399721 41.6418877430949),2022-05-20 01:45:28 UTC,2022-05-20 01:46:13 UTC,bdh64@pitt.edu,bdh64@pitt.edu,Bag22,21:45,17.7,Water,17.8,f138bbc6-2cc3-42e1-93c4-b6cd184421e4,,https://web.fulcrumapp.com/photos/view?photos=f138bbc6-2cc3-42e1-93c4-b6cd184421e4,
3eaf48b5-1e48-46e3-b22d-1976ff580cfe,8322e922-3871-46bf-a73c-2fc4985876ba,8322e922-3871-46bf-a73c-2fc4985876ba,1,1,41.642110250068455,-80.42891689060092,POINT (-80.42891689060092 41.642110250068455),2022-05-20 01:48:00 UTC,2022-05-20 01:48:43 UTC,bdh64@pitt.edu,bdh64@pitt.edu,Bag23,21:48,17.9,Water,18.1,9bd35ea5-5f93-434e-95d3-fedb4b2de9af,,https://web.fulcrumapp.com/photos/view?photos=9bd35ea5-5f93-434e-95d3-fedb4b2de9af,
d558ad5e-9fde-4f34-8915-b02622fcd442,8322e922-3871-46bf-a73c-2fc4985876ba,8322e922-3871-46bf-a73c-2fc4985876ba,1,1,41.64188771904963,-80.42811587940322,POINT (-80.42811587940322 41.64188771904963),2022-05-20 01:52:32 UTC,2022-05-20 01:53:14 UTC,bdh64@pitt.edu,bdh64@pitt.edu,Bag24,21:52,18.2,Water,18.3,38e098c0-83bc-42ea-a36e-bc6ca0483635,,https://web.fulcrumapp.com/photos/view?photos=38e098c0-83bc-42ea-a36e-bc6ca0483635,
58747ee2-ee85-4244-9c3a-573a226aac86,8322e922-3871-46bf-a73c-2fc4985876ba,8322e922-3871-46bf-a73c-2fc4985876ba,1,1,41.64188097405403,-80.42810047267619,POINT (-80.42810047267619 41.64188097405403),2022-05-20 01:55:01 UTC,2022-05-20 01:55:44 UTC,bdh64@pitt.edu,bdh64@pitt.edu,Bag25,21:55,18.2,Water,18.3,d450b197-3752-4f8b-8026-3aca8cb36265,,https://web.fulcrumapp.com/photos/view?photos=d450b197-3752-4f8b-8026-3aca8cb36265,
7928e204-2d85-4f37-a7b2-da2caca2807e,8322e922-3871-46bf-a73c-2fc4985876ba,8322e922-3871-46bf-a73c-2fc4985876ba,1,1,41.64188776128907,-80.42811591473702,POINT (-80.42811591473702 41.64188776128907),2022-05-20 02:03:27 UTC,2022-05-20 02:04:06 UTC,bdh64@pitt.edu,bdh64@pitt.edu,Bag26,22:03,18.4,Water,18.5,0f46e8b4-5a64-4e70-8232-e9647f779f4b,,https://web.fulcrumapp.com/photos/view?photos=0f46e8b4-5a64-4e70-8232-e9647f779f4b,
3b989a29-8ab1-4a2a-9da6-127ad507d60b,8322e922-3871-46bf-a73c-2fc4985876ba,8322e922-3871-46bf-a73c-2fc4985876ba,1,1,41.64204580713237,-80.42891481898765,POINT (-80.42891481898765 41.64204580713237),2022-05-20 02:21:49 UTC,2022-05-20 02:22:52 UTC,bdh64@pitt.edu,bdh64@pitt.edu,Bag13,22:21,17.9,Emergent Vegetation (Higher than 1m),18.2,de81c5b4-c9bf-4a1a-ae55-15c4db82d6cd,,https://web.fulcrumapp.com/photos/view?photos=de81c5b4-c9bf-4a1a-ae55-15c4db82d6cd,
3cb47eb5-926b-403c-b381-2b2a7e69cdda,8322e922-3871-46bf-a73c-2fc4985876ba,8322e922-3871-46bf-a73c-2fc4985876ba,1,1,41.641928050978606,-80.42808210169085,POINT (-80.42808210169085 41.641928050978606),2022-05-20 02:24:59 UTC,2022-05-20 02:25:43 UTC,bdh64@pitt.edu,bdh64@pitt.edu,Bag12,22:24,18.2,Water,18.3,8d509db0-4b45-48d4-a664-943d4afed5ff,,https://web.fulcrumapp.com/photos/view?photos=8d509db0-4b45-48d4-a664-943d4afed5ff,
386dc799-c3b5-49b8-ad91-3d4b481fd66a,8322e922-3871-46bf-a73c-2fc4985876ba,8322e922-3871-46bf-a73c-2fc4985876ba,1,1,41.64239627173681,-80.42780303,POINT (-80.42780303 41.64239627173681),2022-05-20 02:31:10 UTC,2022-05-20 02:31:55 UTC,bdh64@pitt.edu,bdh64@pitt.edu,Bag03,22:31,18.1,Water,18.5,9cde3f6c-e658-4ff4-be0e-7656848fa7f3,,https://web.fulcrumapp.com/photos/view?photos=9cde3f6c-e658-4ff4-be0e-7656848fa7f3,
bbbed750-08db-46f5-a7dd-87bbcd3060e4,8322e922-3871-46bf-a73c-2fc4985876ba,8322e922-3871-46bf-a73c-2fc4985876ba,1,1,41.64246787907509,-80.4290895632811,POINT (-80.4290895632811 41.64246787907509),2022-05-20 02:34:07 UTC,2022-05-20 02:34:57 UTC,bdh64@pitt.edu,bdh64@pitt.edu,Bag11,22:34,18.1,Water,18.4,7cd806d3-a84e-4eb5-9e9b-7ae234daed04,,https://web.fulcrumapp.com/photos/view?photos=7cd806d3-a84e-4eb5-9e9b-7ae234daed04,
804617a7-c683-4e1d-bcc1-183bfd1b280d,8322e922-3871-46bf-a73c-2fc4985876ba,8322e922-3871-46bf-a73c-2fc4985876ba,1,1,41.6424705215683,-80.42901743058981,POINT (-80.42901743058981 41.6424705215683),2022-05-20 02:37:55 UTC,2022-05-20 02:38:36 UTC,bdh64@pitt.edu,bdh64@pitt.edu,Bag20,22:37,18,Water,18.1,e739fd67-a95e-484a-80ff-d624c0ba94de,,https://web.fulcrumapp.com/photos/view?photos=e739fd67-a95e-484a-80ff-d624c0ba94de,
5d5f5305-fffc-4954-a1db-8cc032081e1b,8322e922-3871-46bf-a73c-2fc4985876ba,8322e922-3871-46bf-a73c-2fc4985876ba,1,1,41.642798921132126,-80.42912520475726,POINT (-80.42912520475726 41.642798921132126),2022-05-20 02:41:46 UTC,2022-05-20 02:42:30 UTC,bdh64@pitt.edu,bdh64@pitt.edu,Bag14,22:41,17.7,Emergent Vegetation (Lower than 1m),17.7,ba71afdd-85ad-4528-92da-f812c671fe68,,https://web.fulcrumapp.com/photos/view?photos=ba71afdd-85ad-4528-92da-f812c671fe68,
2e5fec3c-8585-49fb-bf39-53c4a6749f2a,9cc76039-e43a-4d91-b910-b95a3f0088f0,9cc76039-e43a-4d91-b910-b95a3f0088f0,1,1,41.64219943069345,-80.42893479877529,POINT (-80.42893479877529 41.64219943069345),2022-05-20 17:36:35 UTC,2022-05-20 17:37:26 UTC,bdh64@pitt.edu,bdh64@pitt.edu,Bag30,13:36,,Leaf litter,19.8,122ae19b-a0c0-4164-a388-9c642fca36df,,https://web.fulcrumapp.com/photos/view?photos=122ae19b-a0c0-4164-a388-9c642fca36df,
7c3bf2c5-a624-4425-a069-7b82f62dbf7e,9cc76039-e43a-4d91-b910-b95a3f0088f0,9cc76039-e43a-4d91-b910-b95a3f0088f0,1,1,41.642208689677766,-80.42891998344008,POINT (-80.42891998344008 41.642208689677766),2022-05-20 17:41:44 UTC,2022-05-20 17:42:36 UTC,bdh64@pitt.edu,bdh64@pitt.edu,Bag17,13:41,,Leaf litter,20,facd53f6-f05b-4973-b32d-12b2f55431dc,,https://web.fulcrumapp.com/photos/view?photos=facd53f6-f05b-4973-b32d-12b2f55431dc,
6293bd30-8d25-4c5a-94d2-a3e9993f2d37,9cc76039-e43a-4d91-b910-b95a3f0088f0,9cc76039-e43a-4d91-b910-b95a3f0088f0,1,1,41.64231205828641,-80.42909184478263,POINT (-80.42909184478263 41.64231205828641),2022-05-20 17:53:39 UTC,2022-05-20 17:54:27 UTC,bdh64@pitt.edu,bdh64@pitt.edu,Bag29,13:53,,Leaf litter,18.9,1cb017ee-65aa-48c3-bec8-34f1c6816ee4,,https://web.fulcrumapp.com/photos/view?photos=1cb017ee-65aa-48c3-bec8-34f1c6816ee4,
b15bc6da-32aa-4f36-bc35-786d7faf1dba,8322e922-3871-46bf-a73c-2fc4985876ba,8322e922-3871-46bf-a73c-2fc4985876ba,2,1,41.641968525985135,-80.42889084674458,POINT (-80.42889084674458 41.641968525985135),2022-05-20 01:03:04 UTC,2022-05-20 01:04:13 UTC,bdh64@pitt.edu,bdh64@pitt.edu,Bag02,21:03,19.2,Water,18.8,fc60daf4-a867-4dae-ae86-cc5243476639,,https://web.fulcrumapp.com/photos/view?photos=fc60daf4-a867-4dae-ae86-cc5243476639,
3c08cbb3-c284-4bb3-a304-823d04af0a6e,8322e922-3871-46bf-a73c-2fc4985876ba,8322e922-3871-46bf-a73c-2fc4985876ba,2,1,41.64193386681531,-80.42911137461702,POINT (-80.42911137461702 41.64193386681531),2022-05-20 01:09:18 UTC,2022-05-20 01:10:19 UTC,bdh64@pitt.edu,bdh64@pitt.edu,Bag01,21:09,18.3,Tree/Log/Bush (Lower than 1m),17.5,67a45464-e3d2-4e15-b70e-716dda775401,,https://web.fulcrumapp.com/photos/view?photos=67a45464-e3d2-4e15-b70e-716dda775401,
125258d2-62db-489a-b4f9-3b36698d3404,8322e922-3871-46bf-a73c-2fc4985876ba,8322e922-3871-46bf-a73c-2fc4985876ba,2,1,41.641885838510134,-80.42896896608214,POINT (-80.42896896608214 41.641885838510134),2022-05-20 01:12:42 UTC,2022-05-20 01:13:21 UTC,bdh64@pitt.edu,bdh64@pitt.edu,Bag04,21:12,18,Water,17.9,68778835-4137-4a3a-8300-3fdcfbca25a7,,https://web.fulcrumapp.com/photos/view?photos=68778835-4137-4a3a-8300-3fdcfbca25a7,
2a4da878-de3a-410f-b518-0b936bc98a54,8322e922-3871-46bf-a73c-2fc4985876ba,8322e922-3871-46bf-a73c-2fc4985876ba,2,1,41.64188274103904,-80.42810659967539,POINT (-80.42810659967539 41.64188274103904),2022-05-20 01:17:14 UTC,2022-05-20 01:18:04 UTC,bdh64@pitt.edu,bdh64@pitt.edu,Bag07,21:17,18.2,Water,18.2,749377f6-be1b-41b1-855f-17048f501de4,,https://web.fulcrumapp.com/photos/view?photos=749377f6-be1b-41b1-855f-17048f501de4,
70f2f7d5-d0a0-42c8-b3f3-87251b50c5aa,8322e922-3871-46bf-a73c-2fc4985876ba,8322e922-3871-46bf-a73c-2fc4985876ba,2,1,41.6418879379289,-80.42811666631597,POINT (-80.42811666631597 41.6418879379289),2022-05-20 01:21:05 UTC,2022-05-20 01:21:57 UTC,bdh64@pitt.edu,bdh64@pitt.edu,Bag10,21:21,18.2,Water,18.3,aa20fbe1-d1d2-4a84-a8cb-921132a752d0,,https://web.fulcrumapp.com/photos/view?photos=aa20fbe1-d1d2-4a84-a8cb-921132a752d0,
47d44b03-88c2-4204-86c3-def426b50633,8322e922-3871-46bf-a73c-2fc4985876ba,8322e922-3871-46bf-a73c-2fc4985876ba,2,1,41.64219517264668,-80.428841728792,POINT (-80.428841728792 41.64219517264668),2022-05-20 01:25:48 UTC,2022-05-20 01:26:33 UTC,bdh64@pitt.edu,bdh64@pitt.edu,Bag08,21:25,18.1,Water,18,c01ce459-70f0-42ce-8202-034604010ce0,,https://web.fulcrumapp.com/photos/view?photos=c01ce459-70f0-42ce-8202-034604010ce0,
492083bf-770d-4ada-85d7-9da13a21d361,8322e922-3871-46bf-a73c-2fc4985876ba,8322e922-3871-46bf-a73c-2fc4985876ba,2,1,41.64188774654646,-80.42811576549316,POINT (-80.42811576549316 41.64188774654646),2022-05-20 01:28:59 UTC,2022-05-20 01:29:43 UTC,bdh64@pitt.edu,bdh64@pitt.edu,Bag05,21:28,18.3,Water,18.3,3d702528-f451-4c1d-88e5-2f8c87a918ac,,https://web.fulcrumapp.com/photos/view?photos=3d702528-f451-4c1d-88e5-2f8c87a918ac,
7fce6149-2af8-4bc2-8efc-e02bf4b7f0e8,8322e922-3871-46bf-a73c-2fc4985876ba,8322e922-3871-46bf-a73c-2fc4985876ba,2,1,41.64189239534658,-80.42811139184126,POINT (-80.42811139184126 41.64189239534658),2022-05-20 01:32:07 UTC,2022-05-20 01:32:55 UTC,bdh64@pitt.edu,bdh64@pitt.edu,Bag09,21:32,17.8,Water,18,f955b55c-6c9f-4eb5-a39d-01cd8d077064,,https://web.fulcrumapp.com/photos/view?photos=f955b55c-6c9f-4eb5-a39d-01cd8d077064,
2d0823da-ff06-4ce6-b66c-0d8259e806fd,8322e922-3871-46bf-a73c-2fc4985876ba,8322e922-3871-46bf-a73c-2fc4985876ba,2,1,41.64188955616971,-80.42811969655077,POINT (-80.42811969655077 41.64188955616971),2022-05-20 01:37:02 UTC,2022-05-20 01:38:15 UTC,bdh64@pitt.edu,bdh64@pitt.edu,Bag15,21:37,17.6,Water,17.8,462bb5df-49ec-4f8f-b71b-018ae889990f,,https://web.fulcrumapp.com/photos/view?photos=462bb5df-49ec-4f8f-b71b-018ae889990f,
89731d0e-02c0-457f-8861-dfa90a3914b6,8322e922-3871-46bf-a73c-2fc4985876ba,8322e922-3871-46bf-a73c-2fc4985876ba,2,1,41.64188912455494,-80.42811453256188,POINT (-80.42811453256188 41.64188912455494),2022-05-20 01:40:24 UTC,2022-05-20 01:41:07 UTC,bdh64@pitt.edu,bdh64@pitt.edu,Bag21,21:40,17.5,Leaf litter,17.5,8133ece0-929d-492c-b59e-ac1a2355249d,,https://web.fulcrumapp.com/photos/view?photos=8133ece0-929d-492c-b59e-ac1a2355249d,
8ced5f6b-298e-4629-8a31-a2d8fa3612ac,8322e922-3871-46bf-a73c-2fc4985876ba,8322e922-3871-46bf-a73c-2fc4985876ba,2,1,41.6418877430949,-80.42811587399721,POINT (-80.42811587399721 41.6418877430949),2022-05-20 01:45:28 UTC,2022-05-20 01:46:13 UTC,bdh64@pitt.edu,bdh64@pitt.edu,Bag22,21:45,17.7,Water,17.8,f138bbc6-2cc3-42e1-93c4-b6cd184421e4,,https://web.fulcrumapp.com/photos/view?photos=f138bbc6-2cc3-42e1-93c4-b6cd184421e4,
3eaf48b5-1e48-46e3-b22d-1976ff580cfe,8322e922-3871-46bf-a73c-2fc4985876ba,8322e922-3871-46bf-a73c-2fc4985876ba,2,1,41.642110250068455,-80.42891689060092,POINT (-80.42891689060092 41.642110250068455),2022-05-20 01:48:00 UTC,2022-05-20 01:48:43 UTC,bdh64@pitt.edu,bdh64@pitt.edu,Bag23,21:48,17.9,Water,18.1,9bd35ea5-5f93-434e-95d3-fedb4b2de9af,,https://web.fulcrumapp.com/photos/view?photos=9bd35ea5-5f93-434e-95d3-fedb4b2de9af,
d558ad5e-9fde-4f34-8915-b02622fcd442,8322e922-3871-46bf-a73c-2fc4985876ba,8322e922-3871-46bf-a73c-2fc4985876ba,2,1,41.64188771904963,-80.42811587940322,POINT (-80.42811587940322 41.64188771904963),2022-05-20 01:52:32 UTC,2022-05-20 01:53:14 UTC,bdh64@pitt.edu,bdh64@pitt.edu,Bag24,21:52,18.2,Water,18.3,38e098c0-83bc-42ea-a36e-bc6ca0483635,,https://web.fulcrumapp.com/photos/view?photos=38e098c0-83bc-42ea-a36e-bc6ca0483635,
58747ee2-ee85-4244-9c3a-573a226aac86,8322e922-3871-46bf-a73c-2fc4985876ba,8322e922-3871-46bf-a73c-2fc4985876ba,2,1,41.64188097405403,-80.42810047267619,POINT (-80.42810047267619 41.64188097405403),2022-05-20 01:55:01 UTC,2022-05-20 01:55:44 UTC,bdh64@pitt.edu,bdh64@pitt.edu,Bag25,21:55,18.2,Water,18.3,d450b197-3752-4f8b-8026-3aca8cb36265,,https://web.fulcrumapp.com/photos/view?photos=d450b197-3752-4f8b-8026-3aca8cb36265,
7928e204-2d85-4f37-a7b2-da2caca2807e,8322e922-3871-46bf-a73c-2fc4985876ba,8322e922-3871-46bf-a73c-2fc4985876ba,2,1,41.64188776128907,-80.42811591473702,POINT (-80.42811591473702 41.64188776128907),2022-05-20 02:03:27 UTC,2022-05-20 02:04:06 UTC,bdh64@pitt.edu,bdh64@pitt.edu,Bag26,22:03,18.4,Water,18.5,0f46e8b4-5a64-4e70-8232-e9647f779f4b,,https://web.fulcrumapp.com/photos/view?photos=0f46e8b4-5a64-4e70-8232-e9647f779f4b,
3b989a29-8ab1-4a2a-9da6-127ad507d60b,8322e922-3871-46bf-a73c-2fc4985876ba,8322e922-3871-46bf-a73c-2fc4985876ba,2,1,41.64204580713237,-80.42891481898765,POINT (-80.42891481898765 41.64204580713237),2022-05-20 02:21:49 UTC,2022-05-20 02:22:52 UTC,bdh64@pitt.edu,bdh64@pitt.edu,Bag13,22:21,17.9,Emergent Vegetation (Higher than 1m),18.2,de81c5b4-c9bf-4a1a-ae55-15c4db82d6cd,,https://web.fulcrumapp.com/photos/view?photos=de81c5b4-c9bf-4a1a-ae55-15c4db82d6cd,
3cb47eb5-926b-403c-b381-2b2a7e69cdda,8322e922-3871-46bf-a73c-2fc4985876ba,8322e922-3871-46bf-a73c-2fc4985876ba,2,1,41.641928050978606,-80.42808210169085,POINT (-80.42808210169085 41.641928050978606),2022-05-20 02:24:59 UTC,2022-05-20 02:25:43 UTC,bdh64@pitt.edu,bdh64@pitt.edu,Bag12,22:24,18.2,Water,18.3,8d509db0-4b45-48d4-a664-943d4afed5ff,,https://web.fulcrumapp.com/photos/view?photos=8d509db0-4b45-48d4-a664-943d4afed5ff,
386dc799-c3b5-49b8-ad91-3d4b481fd66a,8322e922-3871-46bf-a73c-2fc4985876ba,8322e922-3871-46bf-a73c-2fc4985876ba,2,1,41.64239627173681,-80.42780303,POINT (-80.42780303 41.64239627173681),2022-05-20 02:31:10 UTC,2022-05-20 02:31:55 UTC,bdh64@pitt.edu,bdh64@pitt.edu,Bag03,22:31,18.1,Water,18.5,9cde3f6c-e658-4ff4-be0e-7656848fa7f3,,https://web.fulcrumapp.com/photos/view?photos=9cde3f6c-e658-4ff4-be0e-7656848fa7f3,
bbbed750-08db-46f5-a7dd-87bbcd3060e4,8322e922-3871-46bf-a73c-2fc4985876ba,8322e922-3871-46bf-a73c-2fc4985876ba,2,1,41.64246787907509,-80.4290895632811,POINT (-80.4290895632811 41.64246787907509),2022-05-20 02:34:07 UTC,2022-05-20 02:34:57 UTC,bdh64@pitt.edu,bdh64@pitt.edu,Bag11,22:34,18.1,Water,18.4,7cd806d3-a84e-4eb5-9e9b-7ae234daed04,,https://web.fulcrumapp.com/photos/view?photos=7cd806d3-a84e-4eb5-9e9b-7ae234daed04,
804617a7-c683-4e1d-bcc1-183bfd1b280d,8322e922-3871-46bf-a73c-2fc4985876ba,8322e922-3871-46bf-a73c-2fc4985876ba,2,1,41.6424705215683,-80.42901743058981,POINT (-80.42901743058981 41.6424705215683),2022-05-20 02:37:55 UTC,2022-05-20 02:38:36 UTC,bdh64@pitt.edu,bdh64@pitt.edu,Bag20,22:37,18,Water,18.1,e739fd67-a95e-484a-80ff-d624c0ba94de,,https://web.fulcrumapp.com/photos/view?photos=e739fd67-a95e-484a-80ff-d624c0ba94de,
5d5f5305-fffc-4954-a1db-8cc032081e1b,8322e922-3871-46bf-a73c-2fc4985876ba,8322e922-3871-46bf-a73c-2fc4985876ba,2,1,41.642798921132126,-80.42912520475726,POINT (-80.42912520475726 41.642798921132126),2022-05-20 02:41:46 UTC,2022-05-20 02:42:30 UTC,bdh64@pitt.edu,bdh64@pitt.edu,Bag14,22:41,17.7,Emergent Vegetation (Lower than 1m),17.7,ba71afdd-85ad-4528-92da-f812c671fe68,,https://web.fulcrumapp.com/photos/view?photos=ba71afdd-85ad-4528-92da-f812c671fe68,
5211a4c3-3834-4452-8064-4b70f9413caf,a71aec87-0564-48a0-bd5b-daa7b4564ed5,a71aec87-0564-48a0-bd5b-daa7b4564ed5,2,1,41.642525344970494,-80.4293342990032,POINT (-80.4293342990032 41.642525344970494),2022-05-20 01:08:36 UTC,2022-05-20 01:11:29 UTC,bdh64@pitt.edu,bdh64@pitt.edu,Bag30,21:08,18.2,Emergent Vegetation (Lower than 1m),18.4,f2f3dd03-71a2-448e-91bb-8c42ec59c4c1,,https://web.fulcrumapp.com/photos/view?photos=f2f3dd03-71a2-448e-91bb-8c42ec59c4c1,
26fee85c-d4c1-489e-80bd-400907e9534b,a71aec87-0564-48a0-bd5b-daa7b4564ed5,a71aec87-0564-48a0-bd5b-daa7b4564ed5,2,1,41.642521711765596,-80.42881330824729,POINT (-80.42881330824729 41.642521711765596),2022-05-20 01:11:30 UTC,2022-05-20 01:12:02 UTC,bdh64@pitt.edu,bdh64@pitt.edu,Bag29,21:11,18.2,Emergent Vegetation (Lower than 1m),18.2,e22e0c34-ac7c-4027-a950-4ad84d8a217d,,https://web.fulcrumapp.com/photos/view?photos=e22e0c34-ac7c-4027-a950-4ad84d8a217d,
e24f8aa0-ef58-4e14-ad56-c5122d76c3f9,a71aec87-0564-48a0-bd5b-daa7b4564ed5,a71aec87-0564-48a0-bd5b-daa7b4564ed5,2,1,41.642428179510375,-80.42898409226919,POINT (-80.42898409226919 41.642428179510375),2022-05-20 01:18:15 UTC,2022-05-20 01:26:57 UTC,bdh64@pitt.edu,bdh64@pitt.edu,Bag16,21:18,18.2,Tree/Log/Bush (Lower than 1m),18.2,16553888-75b0-452d-bf38-885f34809111,,https://web.fulcrumapp.com/photos/view?photos=16553888-75b0-452d-bf38-885f34809111,
a0a8a4d1-ee01-43f3-a5ba-bc0c37fb1931,a71aec87-0564-48a0-bd5b-daa7b4564ed5,a71aec87-0564-48a0-bd5b-daa7b4564ed5,2,1,41.64189073158327,-80.4281196467393,POINT (-80.4281196467393 41.64189073158327),2022-05-20 01:34:21 UTC,2022-05-20 01:34:57 UTC,bdh64@pitt.edu,bdh64@pitt.edu,Bag28,21:34,19.4,Water,19.7,5e3d058b-9aed-4204-90c0-5f7571358273,,https://web.fulcrumapp.com/photos/view?photos=5e3d058b-9aed-4204-90c0-5f7571358273,
41a9ff8f-9446-4186-8994-874029a00563,a71aec87-0564-48a0-bd5b-daa7b4564ed5,a71aec87-0564-48a0-bd5b-daa7b4564ed5,2,1,41.64247030828389,-80.42897599950979,POINT (-80.42897599950979 41.64247030828389),2022-05-20 01:43:31 UTC,2022-05-20 01:44:06 UTC,bdh64@pitt.edu,bdh64@pitt.edu,Bag27,21:43,20.1,Water,20.4,1f66b20b-3b9a-47e7-b60a-e5e06fa6ee35,,https://web.fulcrumapp.com/photos/view?photos=1f66b20b-3b9a-47e7-b60a-e5e06fa6ee35,
62d9d770-0bb5-4e48-8bae-b86c42d47e44,a71aec87-0564-48a0-bd5b-daa7b4564ed5,a71aec87-0564-48a0-bd5b-daa7b4564ed5,2,1,41.64253975055409,-80.42899377673639,POINT (-80.42899377673639 41.64253975055409),2022-05-20 01:47:21 UTC,2022-05-20 01:47:56 UTC,bdh64@pitt.edu,bdh64@pitt.edu,Bag06,21:47,18.6,Wet ground,18.8,2d6d1f37-af35-430b-bc14-0ce262d44f04,,https://web.fulcrumapp.com/photos/view?photos=2d6d1f37-af35-430b-bc14-0ce262d44f04,
c13932b5-3ad9-4e60-8ae5-ef7806d0292f,a71aec87-0564-48a0-bd5b-daa7b4564ed5,a71aec87-0564-48a0-bd5b-daa7b4564ed5,2,1,41.64217051882185,-80.42891399699444,POINT (-80.42891399699444 41.64217051882185),2022-05-20 02:20:04 UTC,2022-05-20 02:20:34 UTC,bdh64@pitt.edu,bdh64@pitt.edu,Bag18,22:20,19.4,Water,19.6,c30e398e-e9e5-48ee-a3c9-df9117df7392,,https://web.fulcrumapp.com/photos/view?photos=c30e398e-e9e5-48ee-a3c9-df9117df7392,
a4b82347-03be-4db8-bdcb-20fa412048c5,a71aec87-0564-48a0-bd5b-daa7b4564ed5,a71aec87-0564-48a0-bd5b-daa7b4564ed5,2,1,41.6425326154048,-80.42910988248886,POINT (-80.42910988248886 41.6425326154048),2022-05-20 02:40:52 UTC,2022-05-20 02:41:24 UTC,bdh64@pitt.edu,bdh64@pitt.edu,Bag19,22:40,19.4,Water,19.7,6daf3070-03b7-4593-af5e-07f9f6bb00de,,https://web.fulcrumapp.com/photos/view?photos=6daf3070-03b7-4593-af5e-07f9f6bb00de,
238e379f-ab25-4539-9e29-23c1803035f7,a71aec87-0564-48a0-bd5b-daa7b4564ed5,a71aec87-0564-48a0-bd5b-daa7b4564ed5,2,1,41.64233581577634,-80.42785265896595,POINT (-80.42785265896595 41.64233581577634),2022-05-20 02:57:53 UTC,2022-05-20 02:58:27 UTC,bdh64@pitt.edu,bdh64@pitt.edu,Bag17,22:57,18.4,Water,18.6,8987abb6-ea9b-4d42-b33c-60e76136dfc6,,https://web.fulcrumapp.com/photos/view?photos=8987abb6-ea9b-4d42-b33c-60e76136dfc6,
a4d1c83c-3796-4b3c-87b4-7651edee34c9,4d89d571-5852-48bd-b8a8-0478c7febd38,4d89d571-5852-48bd-b8a8-0478c7febd38,1,1,41.64205257454172,-80.4288284115062,POINT (-80.4288284115062 41.64205257454172),2022-05-20 17:30:49 UTC,2022-05-20 17:31:17 UTC,bdh64@pitt.edu,bdh64@pitt.edu,Bag05,13:30,,Dry ground,21.7,128284c5-81c5-40ed-9a12-ace05ca82699,,https://web.fulcrumapp.com/photos/view?photos=128284c5-81c5-40ed-9a12-ace05ca82699,
e9f3c456-f9cf-4634-b9c4-9f51feaa84d5,4d89d571-5852-48bd-b8a8-0478c7febd38,4d89d571-5852-48bd-b8a8-0478c7febd38,1,1,41.64189814211166,-80.42811440260283,POINT (-80.42811440260283 41.64189814211166),2022-05-20 18:15:00 UTC,2022-05-20 18:15:30 UTC,bdh64@pitt.edu,bdh64@pitt.edu,Bag01,14:15,23.4,Dry ground,24,dfd0b36e-2b5f-488a-943b-e34f4d3a4cd5,,https://web.fulcrumapp.com/photos/view?photos=dfd0b36e-2b5f-488a-943b-e34f4d3a4cd5,
aaf393d6-73f1-4049-8a88-0b4e48cb65c4,4d89d571-5852-48bd-b8a8-0478c7febd38,4d89d571-5852-48bd-b8a8-0478c7febd38,1,1,41.64224019553527,-80.42877985394995,POINT (-80.42877985394995 41.64224019553527),2022-05-20 18:18:46 UTC,2022-05-20 18:32:00 UTC,bdh64@pitt.edu,bdh64@pitt.edu,Bag02,14:18,22.4,Dry ground,23,24688656-d5bb-40e1-825d-703cdb5bc6d9,,https://web.fulcrumapp.com/photos/view?photos=24688656-d5bb-40e1-825d-703cdb5bc6d9,
02783805-8d2b-49a5-aeec-ca82519a7c9e,c4f73d97-fbfb-4bfd-a2ab-fcecb286a09c,c4f73d97-fbfb-4bfd-a2ab-fcecb286a09c,1,1,41.56809667594896,-80.45161820955616,POINT (-80.45161820955616 41.56809667594896),2022-05-27 01:46:39 UTC,2022-05-27 01:48:59 UTC,bdh64@pitt.edu,bdh64@pitt.edu,BAG41,21:46,18.3,Water,17.8,72a67133-19fb-4034-8502-051d82db9804,,https://web.fulcrumapp.com/photos/view?photos=72a67133-19fb-4034-8502-051d82db9804,
fe10b8fd-f984-4b24-8a3d-3f827c224db6,c4f73d97-fbfb-4bfd-a2ab-fcecb286a09c,c4f73d97-fbfb-4bfd-a2ab-fcecb286a09c,1,1,41.56808401927498,-80.45163053095382,POINT (-80.45163053095382 41.56808401927498),2022-05-27 01:53:14 UTC,2022-05-27 01:54:30 UTC,bdh64@pitt.edu,bdh64@pitt.edu,BAG37,21:53,18,Water,18.2,017f12bf-d25c-4b19-9b2b-b106c2c4f168,,https://web.fulcrumapp.com/photos/view?photos=017f12bf-d25c-4b19-9b2b-b106c2c4f168,
530f9256-bec0-4fe1-b36c-80e53343921d,c4f73d97-fbfb-4bfd-a2ab-fcecb286a09c,c4f73d97-fbfb-4bfd-a2ab-fcecb286a09c,1,1,41.568124252410186,-80.45155090287366,POINT (-80.45155090287366 41.568124252410186),2022-05-27 01:59:07 UTC,2022-05-27 01:59:54 UTC,bdh64@pitt.edu,bdh64@pitt.edu,BAG49,21:59,18.1,Water,17.9,487486e7-9ea9-485d-8bf4-37956d444c74,,https://web.fulcrumapp.com/photos/view?photos=487486e7-9ea9-485d-8bf4-37956d444c74,
9c827f3e-f4c8-459b-8b2b-e38b9ee92bda,c4f73d97-fbfb-4bfd-a2ab-fcecb286a09c,c4f73d97-fbfb-4bfd-a2ab-fcecb286a09c,1,1,41.56830194875744,-80.45168275021058,POINT (-80.45168275021058 41.56830194875744),2022-05-27 02:30:51 UTC,2022-05-27 02:31:39 UTC,bdh64@pitt.edu,bdh64@pitt.edu,BAG38,22:30,17.5,Water,17.2,db001d9d-bb2e-40c1-8906-0ce303158a02,,https://web.fulcrumapp.com/photos/view?photos=db001d9d-bb2e-40c1-8906-0ce303158a02,
b62ef0df-3ba0-43b1-be9a-fb2882a51a27,c4f73d97-fbfb-4bfd-a2ab-fcecb286a09c,c4f73d97-fbfb-4bfd-a2ab-fcecb286a09c,1,1,41.568458363332795,-80.45140412873728,POINT (-80.45140412873728 41.568458363332795),2022-05-27 02:56:51 UTC,2022-05-27 03:10:41 UTC,bdh64@pitt.edu,bdh64@pitt.edu,BAG42,22:56,17.8,Water,18.4,"36838d72-a997-41c4-9343-54b2c74cce48,3857a8d3-8327-4834-af84-742fe67f1202",",",https://web.fulcrumapp.com/photos/view?photos=36838d72-a997-41c4-9343-54b2c74cce48%2C3857a8d3-8327-4834-af84-742fe67f1202,
7e4616a3-8a66-49ca-a4bf-0427ee739384,7a980dea-bf83-4def-9194-10c335ae3832,7a980dea-bf83-4def-9194-10c335ae3832,1,1,41.568224267575516,-80.45151549418961,POINT (-80.45151549418961 41.568224267575516),2022-05-27 01:28:43 UTC,2022-05-27 01:29:19 UTC,bdh64@pitt.edu,bdh64@pitt.edu,BAG31,21:28,20.1,Water,20.1,54878197-6d26-4ef5-b537-84620719a47a,,https://web.fulcrumapp.com/photos/view?photos=54878197-6d26-4ef5-b537-84620719a47a,
005bd1eb-65de-44d3-bb32-7c6ad2d914ac,7a980dea-bf83-4def-9194-10c335ae3832,7a980dea-bf83-4def-9194-10c335ae3832,1,1,41.568193545107086,-80.45135863800809,POINT (-80.45135863800809 41.568193545107086),2022-05-27 01:35:29 UTC,2022-05-27 01:35:50 UTC,bdh64@pitt.edu,bdh64@pitt.edu,BAG32,21:35,20.1,Water,19.9,7361b8be-33ca-49db-ba18-9524ac91846e,,https://web.fulcrumapp.com/photos/view?photos=7361b8be-33ca-49db-ba18-9524ac91846e,
7aa9e2bb-d0dd-4fd9-947d-53d4bb39867a,7a980dea-bf83-4def-9194-10c335ae3832,7a980dea-bf83-4def-9194-10c335ae3832,1,1,41.5681208429966,-80.45173413384799,POINT (-80.45173413384799 41.5681208429966),2022-05-27 01:45:36 UTC,2022-05-27 01:46:16 UTC,bdh64@pitt.edu,bdh64@pitt.edu,BAG33,21:45,19.9,Water,19.8,21a6f803-6a69-4c70-a538-059a88cfe143,,https://web.fulcrumapp.com/photos/view?photos=21a6f803-6a69-4c70-a538-059a88cfe143,
780c0d9a-acc5-417e-8215-503d0d6142f0,7a980dea-bf83-4def-9194-10c335ae3832,7a980dea-bf83-4def-9194-10c335ae3832,1,1,41.568218483102406,-80.45150045594174,POINT (-80.45150045594174 41.568218483102406),2022-05-27 01:52:44 UTC,2022-05-27 01:53:23 UTC,bdh64@pitt.edu,bdh64@pitt.edu,BAG35,21:52,19.8,Water,19.8,77ef2799-4b2c-4e29-992a-a806e7969581,,https://web.fulcrumapp.com/photos/view?photos=77ef2799-4b2c-4e29-992a-a806e7969581,
ed9410df-ef7f-4dbf-b222-302092976697,7a980dea-bf83-4def-9194-10c335ae3832,7a980dea-bf83-4def-9194-10c335ae3832,1,1,41.56805756378925,-80.45158670764135,POINT (-80.45158670764135 41.56805756378925),2022-05-27 02:47:32 UTC,2022-05-27 02:47:54 UTC,bdh64@pitt.edu,bdh64@pitt.edu,BAG22,22:47,21.7,Wet ground,21.6,d2c1cd01-e177-4882-9bcd-c7e1cddaae02,,https://web.fulcrumapp.com/photos/view?photos=d2c1cd01-e177-4882-9bcd-c7e1cddaae02,
b0deaa66-07ee-4679-9e07-e9d8d09957bc,3470e58d-a7e7-4780-8cb6-333afaa7fa61,3470e58d-a7e7-4780-8cb6-333afaa7fa61,1,1,41.56823141504245,-80.45156389482361,POINT (-80.45156389482361 41.56823141504245),2022-05-27 01:20:15 UTC,2022-05-27 01:21:07 UTC,bdh64@pitt.edu,bdh64@pitt.edu,BAG11,21:20,19.4,Tree/Log/Bush (Higher than 1m),19.4,68bdd7d0-b33f-47fc-aa98-e19f417a839e,,https://web.fulcrumapp.com/photos/view?photos=68bdd7d0-b33f-47fc-aa98-e19f417a839e,
efb38615-d671-44d0-90d1-c2a7cdc9e6e5,3470e58d-a7e7-4780-8cb6-333afaa7fa61,3470e58d-a7e7-4780-8cb6-333afaa7fa61,1,1,41.5681921574893,-80.45140460773986,POINT (-80.45140460773986 41.5681921574893),2022-05-27 01:32:15 UTC,2022-05-27 01:33:04 UTC,bdh64@pitt.edu,bdh64@pitt.edu,BAG10,21:32,18.7,Water,18.7,be6372f4-0730-46de-bc20-b0ae380c478a,,https://web.fulcrumapp.com/photos/view?photos=be6372f4-0730-46de-bc20-b0ae380c478a,
75bd0070-9369-45a6-98ed-bbfdf8bd07d1,3470e58d-a7e7-4780-8cb6-333afaa7fa61,3470e58d-a7e7-4780-8cb6-333afaa7fa61,1,1,41.56826954248996,-80.45157472807414,POINT (-80.45157472807414 41.56826954248996),2022-05-27 01:36:41 UTC,2022-05-27 01:37:35 UTC,bdh64@pitt.edu,bdh64@pitt.edu,BAG09,21:36,19.1,Water,19,54b45cdd-d90d-4a33-a5be-bc1a1ed107bf,,https://web.fulcrumapp.com/photos/view?photos=54b45cdd-d90d-4a33-a5be-bc1a1ed107bf,
90b18803-8acf-4d0d-96de-4e4590ccd2f4,3470e58d-a7e7-4780-8cb6-333afaa7fa61,3470e58d-a7e7-4780-8cb6-333afaa7fa61,1,1,41.56824426238141,-80.45168031718862,POINT (-80.45168031718862 41.56824426238141),2022-05-27 01:42:51 UTC,2022-05-27 01:43:51 UTC,bdh64@pitt.edu,bdh64@pitt.edu,BAG08,21:42,18.9,Water,19,0752a2ea-1865-40de-92bb-c5dc9caa8430,,https://web.fulcrumapp.com/photos/view?photos=0752a2ea-1865-40de-92bb-c5dc9caa8430,
d4b44ed5-9594-44aa-aa66-3edd88f70c7e,3470e58d-a7e7-4780-8cb6-333afaa7fa61,3470e58d-a7e7-4780-8cb6-333afaa7fa61,1,1,41.56811300945274,-80.45153060235256,POINT (-80.45153060235256 41.56811300945274),2022-05-27 01:50:43 UTC,2022-05-27 01:51:23 UTC,bdh64@pitt.edu,bdh64@pitt.edu,BAG13,21:50,18.8,Water,18.8,b7c4bb40-02d0-4703-9f0f-eef9432c222e,,https://web.fulcrumapp.com/photos/view?photos=b7c4bb40-02d0-4703-9f0f-eef9432c222e,
c5e5c929-2485-4039-9fd5-43c51113c90e,3470e58d-a7e7-4780-8cb6-333afaa7fa61,3470e58d-a7e7-4780-8cb6-333afaa7fa61,1,1,41.56819870171068,-80.45166934664486,POINT (-80.45166934664486 41.56819870171068),2022-05-27 01:56:48 UTC,2022-05-27 02:05:55 UTC,bdh64@pitt.edu,bdh64@pitt.edu,BAG02,21:56,18.9,Water,18.7,9d8d8654-d229-47cf-b9e7-04d544201bef,,https://web.fulcrumapp.com/photos/view?photos=9d8d8654-d229-47cf-b9e7-04d544201bef,
f6a4fbd1-72da-49bb-bff9-abdd3c78068f,3470e58d-a7e7-4780-8cb6-333afaa7fa61,3470e58d-a7e7-4780-8cb6-333afaa7fa61,1,1,41.568270809987155,-80.45153807856184,POINT (-80.45153807856184 41.568270809987155),2022-05-27 02:05:58 UTC,2022-05-27 02:06:50 UTC,bdh64@pitt.edu,bdh64@pitt.edu,BAG05,22:05,18.6,Water,18.6,364a7ea8-673d-4711-a409-9e7691fbb5c8,,https://web.fulcrumapp.com/photos/view?photos=364a7ea8-673d-4711-a409-9e7691fbb5c8,
6a9452a6-f5eb-42fc-bda1-d24a73162403,3470e58d-a7e7-4780-8cb6-333afaa7fa61,3470e58d-a7e7-4780-8cb6-333afaa7fa61,1,1,41.568252320120095,-80.4514441344961,POINT (-80.4514441344961 41.568252320120095),2022-05-27 02:12:59 UTC,2022-05-27 02:13:46 UTC,bdh64@pitt.edu,bdh64@pitt.edu,BAG06,22:12,18.6,Water,18,08698b8f-761b-4630-b307-4ae72d656b70,,https://web.fulcrumapp.com/photos/view?photos=08698b8f-761b-4630-b307-4ae72d656b70,
73b7029d-d36c-4eff-8c79-79afcbff1e8e,3470e58d-a7e7-4780-8cb6-333afaa7fa61,3470e58d-a7e7-4780-8cb6-333afaa7fa61,1,1,41.56828087388784,-80.45145218987068,POINT (-80.45145218987068 41.56828087388784),2022-05-27 02:17:29 UTC,2022-05-27 02:18:09 UTC,bdh64@pitt.edu,bdh64@pitt.edu,BAG16,22:17,18.9,Water,18.8,e6748058-89e1-42d5-9863-673de8e41fc0,,https://web.fulcrumapp.com/photos/view?photos=e6748058-89e1-42d5-9863-673de8e41fc0,
6305b23a-4f44-4c03-892d-536a09d8c725,3470e58d-a7e7-4780-8cb6-333afaa7fa61,3470e58d-a7e7-4780-8cb6-333afaa7fa61,1,1,41.568208280989495,-80.45139675967437,POINT (-80.45139675967437 41.568208280989495),2022-05-27 02:24:57 UTC,2022-05-27 02:26:08 UTC,bdh64@pitt.edu,bdh64@pitt.edu,BAG01,22:24,18.5,Water,18.5,0b7c71b6-9829-4e0f-8176-a85d6dcf1dfa,,https://web.fulcrumapp.com/photos/view?photos=0b7c71b6-9829-4e0f-8176-a85d6dcf1dfa,
68d19c12-8323-4cab-8b32-17a100ee2ce0,3470e58d-a7e7-4780-8cb6-333afaa7fa61,3470e58d-a7e7-4780-8cb6-333afaa7fa61,1,1,41.56814111264814,-80.45133499894901,POINT (-80.45133499894901 41.56814111264814),2022-05-27 02:28:33 UTC,2022-05-27 02:29:13 UTC,bdh64@pitt.edu,bdh64@pitt.edu,BAG03,22:28,18.5,Water,18.5,63596285-72d0-44d2-81d1-18b21d31738c,,https://web.fulcrumapp.com/photos/view?photos=63596285-72d0-44d2-81d1-18b21d31738c,
7c5cbd22-9b3c-4c7d-88ed-43d10a5ac9ae,3470e58d-a7e7-4780-8cb6-333afaa7fa61,3470e58d-a7e7-4780-8cb6-333afaa7fa61,1,1,41.5682471311109,-80.45155283071142,POINT (-80.45155283071142 41.5682471311109),2022-05-27 02:34:35 UTC,2022-05-27 02:35:05 UTC,bdh64@pitt.edu,bdh64@pitt.edu,BAG15,22:34,17.8,Water,18,ed7c1f50-09d5-4684-abec-4336a85e0dd7,,https://web.fulcrumapp.com/photos/view?photos=ed7c1f50-09d5-4684-abec-4336a85e0dd7,
a044e4e7-8e03-42a8-9feb-7f9d73842fd5,3470e58d-a7e7-4780-8cb6-333afaa7fa61,3470e58d-a7e7-4780-8cb6-333afaa7fa61,1,1,41.568137039976385,-80.45171139529403,POINT (-80.45171139529403 41.568137039976385),2022-05-27 02:38:35 UTC,2022-05-27 02:40:13 UTC,bdh64@pitt.edu,bdh64@pitt.edu,BAG14,22:38,18.3,Water,18.3,88002404-e6f3-4d08-9d56-c9de807ab2b4,,https://web.fulcrumapp.com/photos/view?photos=88002404-e6f3-4d08-9d56-c9de807ab2b4,
7516faa3-0dae-40d4-8a05-e957caf62dc7,3470e58d-a7e7-4780-8cb6-333afaa7fa61,3470e58d-a7e7-4780-8cb6-333afaa7fa61,1,1,41.568308331430686,-80.45150289257789,POINT (-80.45150289257789 41.568308331430686),2022-05-27 02:44:21 UTC,2022-05-27 02:45:01 UTC,bdh64@pitt.edu,bdh64@pitt.edu,BAG12,22:44,18.5,Water,18.5,f72c6c30-f47d-4ef2-a0f1-1076be76e611,,https://web.fulcrumapp.com/photos/view?photos=f72c6c30-f47d-4ef2-a0f1-1076be76e611,
f98e9def-068e-4d11-860c-56f960b3b672,3470e58d-a7e7-4780-8cb6-333afaa7fa61,3470e58d-a7e7-4780-8cb6-333afaa7fa61,1,1,41.56829997901019,-80.45137153014582,POINT (-80.45137153014582 41.56829997901019),2022-05-27 02:57:27 UTC,2022-05-27 02:57:57 UTC,bdh64@pitt.edu,bdh64@pitt.edu,BAG04,22:57,18.3,Water,18.2,b99bc25a-d4d4-4c2a-8f43-fd3abcb588e1,,https://web.fulcrumapp.com/photos/view?photos=b99bc25a-d4d4-4c2a-8f43-fd3abcb588e1,
365ffa04-a06a-441f-8d02-627b9460f77b,0779b0a9-2c38-4308-8f9e-8acaa28bba41,0779b0a9-2c38-4308-8f9e-8acaa28bba41,1,1,41.568197300696546,-80.45162223286968,POINT (-80.45162223286968 41.568197300696546),2022-05-28 01:06:26 UTC,2022-05-28 01:07:19 UTC,bdh64@pitt.edu,bdh64@pitt.edu,BAG48,21:06,17.4,Water,17.1,7e19ca50-d1c4-4dbc-b7b6-3227122e7a94,,https://web.fulcrumapp.com/photos/view?photos=7e19ca50-d1c4-4dbc-b7b6-3227122e7a94,
2450a2d0-d2f2-4792-a5f2-f8dc3d914fab,1a457ca2-d3d6-41c4-a69e-3e14190fd966,1a457ca2-d3d6-41c4-a69e-3e14190fd966,1,1,41.56832307115343,-80.45140824288171,POINT (-80.45140824288171 41.56832307115343),2022-05-28 01:16:47 UTC,2022-05-28 01:17:27 UTC,bdh64@pitt.edu,bdh64@pitt.edu,BAG03,21:16,16.7,Water,16.6,3b50ec2e-ea09-4853-a48f-0285ad3589c8,,https://web.fulcrumapp.com/photos/view?photos=3b50ec2e-ea09-4853-a48f-0285ad3589c8,
c8d0a8d6-21c6-4097-9fc6-b2732d0a7914,1a457ca2-d3d6-41c4-a69e-3e14190fd966,1a457ca2-d3d6-41c4-a69e-3e14190fd966,1,1,41.5682782739756,-80.45143994169433,POINT (-80.45143994169433 41.5682782739756),2022-05-28 01:19:15 UTC,2022-05-28 01:20:02 UTC,bdh64@pitt.edu,bdh64@pitt.edu,BAG25,21:19,16.6,Water,16.6,11d06780-c0a6-48e3-8c28-1e44f5360baa,,https://web.fulcrumapp.com/photos/view?photos=11d06780-c0a6-48e3-8c28-1e44f5360baa,
1e8b2bb2-d523-4498-a8da-cd7760bf3b02,1a457ca2-d3d6-41c4-a69e-3e14190fd966,1a457ca2-d3d6-41c4-a69e-3e14190fd966,1,1,41.56867242887762,-80.45160873800558,POINT (-80.45160873800558 41.56867242887762),2022-05-28 01:37:55 UTC,2022-05-28 01:38:42 UTC,bdh64@pitt.edu,bdh64@pitt.edu,BAG21,21:37,15.2,Emergent Vegetation (Lower than 1m),15.3,5c69ecf3-f5e7-4d53-81c0-c2ffb62a5bd2,,https://web.fulcrumapp.com/photos/view?photos=5c69ecf3-f5e7-4d53-81c0-c2ffb62a5bd2,
a1446f15-b461-4737-a93c-f9814d9d1c59,1a457ca2-d3d6-41c4-a69e-3e14190fd966,1a457ca2-d3d6-41c4-a69e-3e14190fd966,1,1,41.56851476337458,-80.45132862060542,POINT (-80.45132862060542 41.56851476337458),2022-05-28 01:41:23 UTC,2022-05-28 01:41:58 UTC,bdh64@pitt.edu,bdh64@pitt.edu,BAG13,21:41,15.5,Water,15.5,f8308892-7011-4b62-bbda-50fef15932bb,,https://web.fulcrumapp.com/photos/view?photos=f8308892-7011-4b62-bbda-50fef15932bb,
cc419f86-8000-45e8-9caf-32d5aa5dee96,e7acbc0b-f947-4246-b907-1d0389906d8e,e7acbc0b-f947-4246-b907-1d0389906d8e,1,1,41.568313354378034,-80.45147752714709,POINT (-80.45147752714709 41.568313354378034),2022-05-28 01:12:13 UTC,2022-05-28 01:12:43 UTC,bdh64@pitt.edu,bdh64@pitt.edu,BAG18,21:12,18.1,Water,18.3,ac68522c-13b6-4278-b683-425708855545,,https://web.fulcrumapp.com/photos/view?photos=ac68522c-13b6-4278-b683-425708855545,
bb06e04a-5264-4fc3-9b14-a6f84e85fe1f,e7acbc0b-f947-4246-b907-1d0389906d8e,e7acbc0b-f947-4246-b907-1d0389906d8e,1,1,41.568562390012005,-80.45144581849743,POINT (-80.45144581849743 41.568562390012005),2022-05-28 01:24:47 UTC,2022-05-28 01:25:08 UTC,bdh64@pitt.edu,bdh64@pitt.edu,BAG19,21:24,16.7,Wet ground,16.7,5b3686a2-3909-48e9-a24c-08009e51a745,,https://web.fulcrumapp.com/photos/view?photos=5b3686a2-3909-48e9-a24c-08009e51a745,
c7dfb15e-24d5-4c89-a3d1-2bb136b13af1,e7acbc0b-f947-4246-b907-1d0389906d8e,e7acbc0b-f947-4246-b907-1d0389906d8e,1,1,41.56819267842478,-80.45168524601795,POINT (-80.45168524601795 41.56819267842478),2022-05-28 01:29:14 UTC,2022-05-28 01:29:53 UTC,bdh64@pitt.edu,bdh64@pitt.edu,BAG12,21:29,,,,5000b793-29fd-4312-a71b-4de60f840f21,,https://web.fulcrumapp.com/photos/view?photos=5000b793-29fd-4312-a71b-4de60f840f21,Dead. Decaying. 
5da0c08e-a2d6-443c-85ba-eadee4db4a98,e7acbc0b-f947-4246-b907-1d0389906d8e,e7acbc0b-f947-4246-b907-1d0389906d8e,1,1,41.56835426130466,-80.45141807469271,POINT (-80.45141807469271 41.56835426130466),2022-05-28 01:51:03 UTC,2022-05-28 01:51:32 UTC,bdh64@pitt.edu,bdh64@pitt.edu,BAG15,21:51,16.8,Water,16.8,f6620b6a-3bef-482c-b0bd-4f6ba86e511b,,https://web.fulcrumapp.com/photos/view?photos=f6620b6a-3bef-482c-b0bd-4f6ba86e511b,
ee9b6db3-eb9d-46d6-aa54-da275a806eae,080fd78e-2010-4b2e-8ffd-ebff0da31da8,080fd78e-2010-4b2e-8ffd-ebff0da31da8,1,1,41.56827526110223,-80.45152975390228,POINT (-80.45152975390228 41.56827526110223),2022-05-28 14:55:48 UTC,2022-05-28 14:56:50 UTC,bdh64@pitt.edu,bdh64@pitt.edu,BAG10,10:55,15.2,Wet ground,15.5,8a115429-6492-4b21-a51e-dbb3b559b455,,https://web.fulcrumapp.com/photos/view?photos=8a115429-6492-4b21-a51e-dbb3b559b455,
eaf27f98-adc2-4b2b-a561-2419d0b41e12,080fd78e-2010-4b2e-8ffd-ebff0da31da8,080fd78e-2010-4b2e-8ffd-ebff0da31da8,1,1,41.568543630836324,-80.45151877966748,POINT (-80.45151877966748 41.568543630836324),2022-05-28 15:14:15 UTC,2022-05-28 15:14:51 UTC,bdh64@pitt.edu,bdh64@pitt.edu,BAG08,11:14,15,Wet ground,15.1,a9508a99-a95a-4832-bba7-f217ff644974,,https://web.fulcrumapp.com/photos/view?photos=a9508a99-a95a-4832-bba7-f217ff644974,
a87c5038-4166-4781-898d-ef93c0bf958c,080fd78e-2010-4b2e-8ffd-ebff0da31da8,080fd78e-2010-4b2e-8ffd-ebff0da31da8,1,1,41.56852876305726,-80.45159909881693,POINT (-80.45159909881693 41.56852876305726),2022-05-28 15:19:40 UTC,2022-05-28 15:20:26 UTC,bdh64@pitt.edu,bdh64@pitt.edu,BAG09,11:19,15.4,Wet ground,15.5,8f25b80d-5190-4173-83c9-e7e02c8349dc,,https://web.fulcrumapp.com/photos/view?photos=8f25b80d-5190-4173-83c9-e7e02c8349dc,
b164e0ca-2f71-4739-a4cd-f0b70edd6845,080fd78e-2010-4b2e-8ffd-ebff0da31da8,080fd78e-2010-4b2e-8ffd-ebff0da31da8,1,1,41.568515642307375,-80.45160792830674,POINT (-80.45160792830674 41.568515642307375),2022-05-28 15:23:01 UTC,2022-05-28 15:24:09 UTC,bdh64@pitt.edu,bdh64@pitt.edu,BAG07,11:23,15.3,Wet ground,16.6,87c8fa3d-743d-461d-bf45-32a8a9060884,,https://web.fulcrumapp.com/photos/view?photos=87c8fa3d-743d-461d-bf45-32a8a9060884,
efacc140-1244-4b59-8924-814495773cbc,57104ba3-a7a4-446f-850a-b687fcd724b7,57104ba3-a7a4-446f-850a-b687fcd724b7,1,1,41.56833268328708,-80.45147253715578,POINT (-80.45147253715578 41.56833268328708),2022-05-28 14:51:47 UTC,2022-05-28 14:58:50 UTC,bdh64@pitt.edu,bdh64@pitt.edu,BAG40,10:51,14.3,Wet ground,14,70a06097-6ab8-4aa4-8572-13df044766a7,,https://web.fulcrumapp.com/photos/view?photos=70a06097-6ab8-4aa4-8572-13df044766a7,
11ecce06-e321-44ab-9a55-b57e37a5d299,57104ba3-a7a4-446f-850a-b687fcd724b7,57104ba3-a7a4-446f-850a-b687fcd724b7,1,1,41.56841212887463,-80.4514383339141,POINT (-80.4514383339141 41.56841212887463),2022-05-28 15:01:23 UTC,2022-05-28 15:02:05 UTC,bdh64@pitt.edu,bdh64@pitt.edu,BAG36,11:01,14.7,Wet ground,14.9,b3b8430c-6de7-48b4-beb5-41e40a3dce4c,,https://web.fulcrumapp.com/photos/view?photos=b3b8430c-6de7-48b4-beb5-41e40a3dce4c,
5fee606c-6810-41f9-a227-36ff34c2af53,6c76406f-d2da-4cdd-8239-ae398d8a650d,6c76406f-d2da-4cdd-8239-ae398d8a650d,1,1,41.56817504863519,-80.45140163133645,POINT (-80.45140163133645 41.56817504863519),2022-05-28 14:58:01 UTC,2022-05-28 14:58:30 UTC,bdh64@pitt.edu,bdh64@pitt.edu,BAG47,10:58,15.3,Wet ground,15.6,b20f0dd1-e661-40f2-8a1a-ec90791fd04d,,https://web.fulcrumapp.com/photos/view?photos=b20f0dd1-e661-40f2-8a1a-ec90791fd04d,
31ebc083-99be-454b-b34d-f2dd9f52ab2e,6c76406f-d2da-4cdd-8239-ae398d8a650d,6c76406f-d2da-4cdd-8239-ae398d8a650d,1,1,41.5683693863054,-80.45136148314315,POINT (-80.45136148314315 41.5683693863054),2022-05-28 15:01:44 UTC,2022-05-28 15:02:18 UTC,bdh64@pitt.edu,bdh64@pitt.edu,BAG52,11:01,16.3,Wet ground,16.4,a78f3e26-bc0a-4ecf-bc36-ecef117c6608,,https://web.fulcrumapp.com/photos/view?photos=a78f3e26-bc0a-4ecf-bc36-ecef117c6608,
8c01a419-be8f-4b34-a939-d1f7a37df61f,6c76406f-d2da-4cdd-8239-ae398d8a650d,6c76406f-d2da-4cdd-8239-ae398d8a650d,1,1,41.56842731518864,-80.4518132772087,POINT (-80.4518132772087 41.56842731518864),2022-05-28 15:11:33 UTC,2022-05-28 15:11:52 UTC,bdh64@pitt.edu,bdh64@pitt.edu,BAG53,11:11,16.8,Wet ground,17.1,d14420a8-3c70-4b49-a25a-fa884c68eba1,,https://web.fulcrumapp.com/photos/view?photos=d14420a8-3c70-4b49-a25a-fa884c68eba1,
3d1d8cc2-e8af-47de-9cb6-f0b3f771a5ec,6c76406f-d2da-4cdd-8239-ae398d8a650d,6c76406f-d2da-4cdd-8239-ae398d8a650d,1,1,41.567998675511,-80.4516029023888,POINT (-80.4516029023888 41.567998675511),2022-05-28 15:21:45 UTC,2022-05-28 15:22:23 UTC,bdh64@pitt.edu,bdh64@pitt.edu,BAG54,11:21,16.4,Wet ground,16.9,327449db-a7f5-4701-9976-c55a9851a480,,https://web.fulcrumapp.com/photos/view?photos=327449db-a7f5-4701-9976-c55a9851a480,
90b21fb0-e927-4af9-b596-f6bfb61727b0,6c76406f-d2da-4cdd-8239-ae398d8a650d,6c76406f-d2da-4cdd-8239-ae398d8a650d,1,1,41.56861192575942,-80.45129133678756,POINT (-80.45129133678756 41.56861192575942),2022-05-28 15:32:22 UTC,2022-05-28 15:34:43 UTC,bdh64@pitt.edu,bdh64@pitt.edu,BAG51,11:32,16.7,Wet ground,16.7,916bc8e7-4689-4f6b-acee-8f2022ef8df9,,https://web.fulcrumapp.com/photos/view?photos=916bc8e7-4689-4f6b-acee-8f2022ef8df9,
b0338ce5-0ac0-40ad-a969-0aa868b3a8ef,6c76406f-d2da-4cdd-8239-ae398d8a650d,6c76406f-d2da-4cdd-8239-ae398d8a650d,1,1,41.56832764704891,-80.45131585621665,POINT (-80.45131585621665 41.56832764704891),2022-05-28 15:39:00 UTC,2022-05-28 15:39:18 UTC,bdh64@pitt.edu,bdh64@pitt.edu,BAG43,11:39,16.8,Wet ground,16.8,05a36425-3f25-4dbf-b378-93d6e8bc8a6b,,https://web.fulcrumapp.com/photos/view?photos=05a36425-3f25-4dbf-b378-93d6e8bc8a6b,
fb737b4a-6e95-4589-9bb7-6a9567e13492,7b822f7f-b74b-4db3-af7e-c9910cfc86b8,7b822f7f-b74b-4db3-af7e-c9910cfc86b8,1,1,41.69104913337529,-80.51274651889774,POINT (-80.51274651889774 41.69104913337529),2022-06-04 01:40:12 UTC,2022-06-04 01:40:30 UTC,bdh64@pitt.edu,bdh64@pitt.edu,BAG22,21:40,19.3,Water,19.4,9d2ea998-b62d-4db7-8100-719896a60453,,https://web.fulcrumapp.com/photos/view?photos=9d2ea998-b62d-4db7-8100-719896a60453,
6b107f04-ba1d-4e8b-a69c-56971ea1c2e6,7b822f7f-b74b-4db3-af7e-c9910cfc86b8,7b822f7f-b74b-4db3-af7e-c9910cfc86b8,1,1,41.69054769586026,-80.51281359103267,POINT (-80.51281359103267 41.69054769586026),2022-06-04 02:06:00 UTC,2022-06-04 02:06:22 UTC,bdh64@pitt.edu,bdh64@pitt.edu,BAG26,22:06,18.6,Water,18.9,c46315e9-4b1a-4521-8e9a-751ac49a6686,,https://web.fulcrumapp.com/photos/view?photos=c46315e9-4b1a-4521-8e9a-751ac49a6686,
a91f4e62-b5f4-4455-921f-5b174d7a6e4f,7b822f7f-b74b-4db3-af7e-c9910cfc86b8,7b822f7f-b74b-4db3-af7e-c9910cfc86b8,1,1,41.69054767222717,-80.51281358059077,POINT (-80.51281358059077 41.69054767222717),2022-06-04 02:20:26 UTC,2022-06-04 02:21:55 UTC,bdh64@pitt.edu,bdh64@pitt.edu,BAG23,22:20,18.3,Water,18.4,85f27467-218e-4a65-934a-eb810b311cee,,https://web.fulcrumapp.com/photos/view?photos=85f27467-218e-4a65-934a-eb810b311cee,
d751811c-e4c3-4ed3-901c-da481062bc5f,7b822f7f-b74b-4db3-af7e-c9910cfc86b8,7b822f7f-b74b-4db3-af7e-c9910cfc86b8,1,1,41.69105042340634,-80.51274941865961,POINT (-80.51274941865961 41.69105042340634),2022-06-04 02:41:59 UTC,2022-06-04 02:42:26 UTC,bdh64@pitt.edu,bdh64@pitt.edu,BAG24,22:41,18.4,Water,18.4,e4aeabe4-bb06-4c2a-8a88-61d7429cbb20,,https://web.fulcrumapp.com/photos/view?photos=e4aeabe4-bb06-4c2a-8a88-61d7429cbb20,
77435aa8-ad44-45de-9e44-1826d28f6bfd,7b822f7f-b74b-4db3-af7e-c9910cfc86b8,7b822f7f-b74b-4db3-af7e-c9910cfc86b8,1,1,41.69054719001583,-80.51282661706577,POINT (-80.51282661706577 41.69054719001583),2022-06-04 02:50:54 UTC,2022-06-04 02:51:15 UTC,bdh64@pitt.edu,bdh64@pitt.edu,BAG20,22:50,17.6,Water,18.3,63c7bca6-782d-4afa-a1e9-c5b32cc01b55,,https://web.fulcrumapp.com/photos/view?photos=63c7bca6-782d-4afa-a1e9-c5b32cc01b55,
717c9516-44cf-4c9f-a4d7-a5d9f6e9d2a8,2448adff-c955-4817-a758-4f90ba776fb7,2448adff-c955-4817-a758-4f90ba776fb7,1,1,41.69110537976184,-80.51269453957724,POINT (-80.51269453957724 41.69110537976184),2022-06-04 01:48:46 UTC,2022-06-04 01:49:46 UTC,bdh64@pitt.edu,bdh64@pitt.edu,BAG19,21:48,,Water,18.1,b8b59d63-8091-42a7-8a97-9ebdb33ed067,,https://web.fulcrumapp.com/photos/view?photos=b8b59d63-8091-42a7-8a97-9ebdb33ed067,
2250e6df-c73e-4484-8752-1915a930f4ce,2448adff-c955-4817-a758-4f90ba776fb7,2448adff-c955-4817-a758-4f90ba776fb7,1,1,41.69054718077996,-80.51282653753196,POINT (-80.51282653753196 41.69054718077996),2022-06-04 02:35:11 UTC,2022-06-04 02:35:49 UTC,bdh64@pitt.edu,bdh64@pitt.edu,BAG10,22:35,,Water,,fbc04791-77c1-4cc4-9e10-0c4ab4ac32da,,https://web.fulcrumapp.com/photos/view?photos=fbc04791-77c1-4cc4-9e10-0c4ab4ac32da,
7718bb53-9760-44a7-ad08-999dbf3cf404,34786ec9-ea57-42ef-abe8-ecb1923fa45e,34786ec9-ea57-42ef-abe8-ecb1923fa45e,1,1,41.691071089550086,-80.51264331092803,POINT (-80.51264331092803 41.691071089550086),2022-06-04 01:36:09 UTC,2022-06-04 01:36:58 UTC,bdh64@pitt.edu,bdh64@pitt.edu,BAG27,21:36,18.9,Water,18.7,56fbec9e-101e-4417-af09-00aabf8666f5,,https://web.fulcrumapp.com/photos/view?photos=56fbec9e-101e-4417-af09-00aabf8666f5,
2d7fc315-53de-44df-9091-839c97bb0da4,34786ec9-ea57-42ef-abe8-ecb1923fa45e,34786ec9-ea57-42ef-abe8-ecb1923fa45e,1,1,41.69085664678522,-80.51246445633518,POINT (-80.51246445633518 41.69085664678522),2022-06-04 01:49:28 UTC,2022-06-04 01:50:10 UTC,bdh64@pitt.edu,bdh64@pitt.edu,BAG08,21:49,18.7,Water,18.5,14fb2d7a-b4b0-4b5d-b768-ec56fb2004ab,,https://web.fulcrumapp.com/photos/view?photos=14fb2d7a-b4b0-4b5d-b768-ec56fb2004ab,
f251d764-ce7e-4496-9c75-7b943c36ed84,34786ec9-ea57-42ef-abe8-ecb1923fa45e,34786ec9-ea57-42ef-abe8-ecb1923fa45e,1,1,41.69097900199769,-80.51263382701484,POINT (-80.51263382701484 41.69097900199769),2022-06-04 02:00:58 UTC,2022-06-04 02:01:53 UTC,bdh64@pitt.edu,bdh64@pitt.edu,BAG09,22:00,18.3,Water,18,717d2b8e-a6c6-40e1-b634-b865ab5f6768,,https://web.fulcrumapp.com/photos/view?photos=717d2b8e-a6c6-40e1-b634-b865ab5f6768,
db26ffed-56d9-407c-af47-7a2f09eb0ef6,34786ec9-ea57-42ef-abe8-ecb1923fa45e,34786ec9-ea57-42ef-abe8-ecb1923fa45e,1,1,41.69095115274348,-80.51261960536289,POINT (-80.51261960536289 41.69095115274348),2022-06-04 02:11:49 UTC,2022-06-04 02:12:33 UTC,bdh64@pitt.edu,bdh64@pitt.edu,BAG21,22:11,19.4,Water,18.9,c474a109-30ba-4f9b-a90e-709a2776538c,,https://web.fulcrumapp.com/photos/view?photos=c474a109-30ba-4f9b-a90e-709a2776538c,
450750d3-d6f3-4b37-a2a0-06b2ed88911c,34786ec9-ea57-42ef-abe8-ecb1923fa45e,34786ec9-ea57-42ef-abe8-ecb1923fa45e,1,1,41.69096875474014,-80.5128051806991,POINT (-80.5128051806991 41.69096875474014),2022-06-04 02:58:13 UTC,2022-06-04 02:59:01 UTC,bdh64@pitt.edu,bdh64@pitt.edu,BAG07,22:58,17.5,Water,17.6,e295518a-5b70-4780-8508-db4a1d283e83,,https://web.fulcrumapp.com/photos/view?photos=e295518a-5b70-4780-8508-db4a1d283e83,
3f0acaa3-3f02-4419-b3be-be7ded74fc2d,34786ec9-ea57-42ef-abe8-ecb1923fa45e,34786ec9-ea57-42ef-abe8-ecb1923fa45e,1,1,41.69101814782782,-80.51260705261976,POINT (-80.51260705261976 41.69101814782782),2022-06-04 03:03:38 UTC,2022-06-04 03:04:11 UTC,bdh64@pitt.edu,bdh64@pitt.edu,BAG01,23:03,17.4,Water,17.7,05b3754f-05d1-422e-a128-9a57f827d856,,https://web.fulcrumapp.com/photos/view?photos=05b3754f-05d1-422e-a128-9a57f827d856,
f3e724b1-bf24-4280-8a4d-a6aaf02288ca,a5e89567-64b4-4e4e-9fff-47ab20dc9cf9,a5e89567-64b4-4e4e-9fff-47ab20dc9cf9,1,1,41.69097951251608,-80.51278627993487,POINT (-80.51278627993487 41.69097951251608),2022-06-05 01:24:01 UTC,2022-06-05 01:24:31 UTC,bdh64@pitt.edu,bdh64@pitt.edu,BAG10,21:24,16.8,Water,18.5,a7409d3f-c1d4-4a61-a6c1-141c28dccacb,,https://web.fulcrumapp.com/photos/view?photos=a7409d3f-c1d4-4a61-a6c1-141c28dccacb,
7741bf39-3dad-45f3-aef6-3483a08b9519,a5e89567-64b4-4e4e-9fff-47ab20dc9cf9,a5e89567-64b4-4e4e-9fff-47ab20dc9cf9,1,1,41.690547845004275,-80.51281358521241,POINT (-80.51281358521241 41.690547845004275),2022-06-05 02:09:11 UTC,2022-06-05 02:09:49 UTC,bdh64@pitt.edu,bdh64@pitt.edu,BAG16,22:09,17.1,Water,17.8,e2a701ce-5748-4c34-966e-64ef25e95aee,,https://web.fulcrumapp.com/photos/view?photos=e2a701ce-5748-4c34-966e-64ef25e95aee,
43417e12-f63b-4480-9d30-c878f5370955,a5e89567-64b4-4e4e-9fff-47ab20dc9cf9,a5e89567-64b4-4e4e-9fff-47ab20dc9cf9,1,1,41.69093715208678,-80.51265104347648,POINT (-80.51265104347648 41.69093715208678),2022-06-05 02:29:50 UTC,2022-06-05 02:30:24 UTC,bdh64@pitt.edu,bdh64@pitt.edu,BAG15,22:29,16.1,Water,17.5,42b5c9fe-03ae-48e8-853c-3ac8332f56ab,,https://web.fulcrumapp.com/photos/view?photos=42b5c9fe-03ae-48e8-853c-3ac8332f56ab,
21948213-2cef-4dff-9ddc-b6b9bed21a1c,a5e89567-64b4-4e4e-9fff-47ab20dc9cf9,a5e89567-64b4-4e4e-9fff-47ab20dc9cf9,1,1,41.69054758305347,-80.5128135998778,POINT (-80.5128135998778 41.69054758305347),2022-06-05 02:46:11 UTC,2022-06-05 02:46:41 UTC,bdh64@pitt.edu,bdh64@pitt.edu,BAG11,22:46,16.3,Water,16.6,c69daa49-05e3-44de-9c05-35fdd952230e,,https://web.fulcrumapp.com/photos/view?photos=c69daa49-05e3-44de-9c05-35fdd952230e,
53be9c2b-e294-4e29-9c71-d45ee89499af,a5e89567-64b4-4e4e-9fff-47ab20dc9cf9,a5e89567-64b4-4e4e-9fff-47ab20dc9cf9,1,1,41.691029928474165,-80.5128371413472,POINT (-80.5128371413472 41.691029928474165),2022-06-05 02:55:48 UTC,2022-06-05 02:56:11 UTC,bdh64@pitt.edu,bdh64@pitt.edu,BAG02,22:55,17.1,Water,14.5,658012df-3f10-4f30-a88c-791875432222,,https://web.fulcrumapp.com/photos/view?photos=658012df-3f10-4f30-a88c-791875432222,
3713aa7c-296b-4528-8254-26f71fb2deb0,581137d2-2a8f-49d2-aef0-857482ed695e,581137d2-2a8f-49d2-aef0-857482ed695e,1,1,41.69089943640091,-80.51269671887206,POINT (-80.51269671887206 41.69089943640091),2022-06-05 01:23:00 UTC,2022-06-05 01:23:48 UTC,bdh64@pitt.edu,bdh64@pitt.edu,BAG27,21:23,18.1,Water,18.1,97dfa25c-5a43-4420-b10c-4e855f19c96c,,https://web.fulcrumapp.com/photos/view?photos=97dfa25c-5a43-4420-b10c-4e855f19c96c,
7c3ad5bd-6e65-4669-afa7-bd5ebce9932f,581137d2-2a8f-49d2-aef0-857482ed695e,581137d2-2a8f-49d2-aef0-857482ed695e,1,1,41.69095853209351,-80.51281644595238,POINT (-80.51281644595238 41.69095853209351),2022-06-05 01:36:46 UTC,2022-06-05 01:37:11 UTC,bdh64@pitt.edu,bdh64@pitt.edu,BAG24,21:36,18.6,Water,18.4,bac00f18-3683-4f9f-8a25-d52ef898c4fa,,https://web.fulcrumapp.com/photos/view?photos=bac00f18-3683-4f9f-8a25-d52ef898c4fa,
012ca407-a58a-465e-8105-b082ea1a7596,581137d2-2a8f-49d2-aef0-857482ed695e,581137d2-2a8f-49d2-aef0-857482ed695e,1,1,41.69106533729303,-80.51263029925515,POINT (-80.51263029925515 41.69106533729303),2022-06-05 01:42:03 UTC,2022-06-05 01:42:27 UTC,bdh64@pitt.edu,bdh64@pitt.edu,BAG23,21:42,18.1,Water,18.3,6a2523d1-4f17-4c5e-a43e-5503a65a4e76,,https://web.fulcrumapp.com/photos/view?photos=6a2523d1-4f17-4c5e-a43e-5503a65a4e76,
b227dc07-baf5-4d1a-9ef8-2d64bfb919ac,581137d2-2a8f-49d2-aef0-857482ed695e,581137d2-2a8f-49d2-aef0-857482ed695e,1,1,41.691106595137796,-80.51261398948776,POINT (-80.51261398948776 41.691106595137796),2022-06-05 01:50:19 UTC,2022-06-05 01:50:44 UTC,bdh64@pitt.edu,bdh64@pitt.edu,BAG29,21:50,18,Water,17.9,db14de76-53d0-415c-80ad-6b69a9146e4c,,https://web.fulcrumapp.com/photos/view?photos=db14de76-53d0-415c-80ad-6b69a9146e4c,
f493fb99-20b7-47a3-9f9b-cf43262fcabc,581137d2-2a8f-49d2-aef0-857482ed695e,581137d2-2a8f-49d2-aef0-857482ed695e,1,1,41.69106533729303,-80.51263029925515,POINT (-80.51263029925515 41.69106533729303),2022-06-05 01:56:03 UTC,2022-06-05 01:56:29 UTC,bdh64@pitt.edu,bdh64@pitt.edu,BAG19,21:56,18.3,Water,18.2,c0b2ba9a-f34c-4a8a-b265-bfdcfb076d6e,,https://web.fulcrumapp.com/photos/view?photos=c0b2ba9a-f34c-4a8a-b265-bfdcfb076d6e,
4207ed6b-f379-4f14-981c-a861dfbb3e19,581137d2-2a8f-49d2-aef0-857482ed695e,581137d2-2a8f-49d2-aef0-857482ed695e,1,1,41.69093195818522,-80.51256495535421,POINT (-80.51256495535421 41.69093195818522),2022-06-05 02:13:44 UTC,2022-06-05 02:14:33 UTC,bdh64@pitt.edu,bdh64@pitt.edu,BAG28,22:13,17.8,Water,17.9,2132ad6d-299a-4235-a904-6861f1256c61,,https://web.fulcrumapp.com/photos/view?photos=2132ad6d-299a-4235-a904-6861f1256c61,
cc2b821d-7ff5-468b-9e24-68574201fe73,581137d2-2a8f-49d2-aef0-857482ed695e,581137d2-2a8f-49d2-aef0-857482ed695e,1,1,41.69085425794303,-80.5126534682517,POINT (-80.5126534682517 41.69085425794303),2022-06-05 02:39:24 UTC,2022-06-05 02:39:50 UTC,bdh64@pitt.edu,bdh64@pitt.edu,BAG22,22:39,17.6,Water,17.5,66199b2e-e4db-4ed7-b3f1-2455e8bac7b6,,https://web.fulcrumapp.com/photos/view?photos=66199b2e-e4db-4ed7-b3f1-2455e8bac7b6,
bce7ba3e-6a64-4415-8342-51fa64765a2f,581137d2-2a8f-49d2-aef0-857482ed695e,581137d2-2a8f-49d2-aef0-857482ed695e,1,1,41.69106533729303,-80.51263029925515,POINT (-80.51263029925515 41.69106533729303),2022-06-05 02:57:34 UTC,2022-06-05 02:57:58 UTC,bdh64@pitt.edu,bdh64@pitt.edu,BAG20,22:57,17.1,Water,16.9,af6f4f1a-6b7a-45be-a6f0-5f82d7d81df6,,https://web.fulcrumapp.com/photos/view?photos=af6f4f1a-6b7a-45be-a6f0-5f82d7d81df6,
0da20313-7ea4-40f4-8dbe-080845bc5556,0428db50-7fcd-4a75-a118-969172dd4c69,0428db50-7fcd-4a75-a118-969172dd4c69,1,1,41.69102389080817,-80.51267117203781,POINT (-80.51267117203781 41.69102389080817),2022-06-05 01:30:55 UTC,2022-06-05 01:31:31 UTC,bdh64@pitt.edu,bdh64@pitt.edu,BAG08,21:30,,Water,18.2,9faa1400-f320-4279-a678-4de9e08c8858,,https://web.fulcrumapp.com/photos/view?photos=9faa1400-f320-4279-a678-4de9e08c8858,
ccd6a8a3-0eae-4de0-88b9-cf394bcdf827,0428db50-7fcd-4a75-a118-969172dd4c69,0428db50-7fcd-4a75-a118-969172dd4c69,1,1,41.69102389080817,-80.51267117203781,POINT (-80.51267117203781 41.69102389080817),2022-06-05 01:37:20 UTC,2022-06-05 01:38:11 UTC,bdh64@pitt.edu,bdh64@pitt.edu,BAG04,21:37,,Water,18.1,42c7fa8c-12d0-42e7-8333-32fa22a8ff71,,https://web.fulcrumapp.com/photos/view?photos=42c7fa8c-12d0-42e7-8333-32fa22a8ff71,
bd17f5b8-ba48-4f4f-8dd7-a6645d155414,0428db50-7fcd-4a75-a118-969172dd4c69,0428db50-7fcd-4a75-a118-969172dd4c69,1,1,41.69119548522093,-80.51273209050345,POINT (-80.51273209050345 41.69119548522093),2022-06-05 02:03:59 UTC,2022-06-05 02:04:44 UTC,bdh64@pitt.edu,bdh64@pitt.edu,BAG07,22:03,,Water,18.2,081ffaf1-bbd6-43be-9e07-f9c414eb0baf,,https://web.fulcrumapp.com/photos/view?photos=081ffaf1-bbd6-43be-9e07-f9c414eb0baf,
0b23c618-1be2-4602-aef0-1f37791e35d7,0428db50-7fcd-4a75-a118-969172dd4c69,0428db50-7fcd-4a75-a118-969172dd4c69,1,1,41.690679708536905,-80.51250046387882,POINT (-80.51250046387882 41.690679708536905),2022-06-05 02:08:56 UTC,2022-06-05 02:09:38 UTC,bdh64@pitt.edu,bdh64@pitt.edu,BAG21,22:08,,Water,17.8,dc5945cf-aee8-4d60-8694-0b23a63ae3e1,,https://web.fulcrumapp.com/photos/view?photos=dc5945cf-aee8-4d60-8694-0b23a63ae3e1,
234c5148-5a96-4aa6-a3fc-0e6c1354a92f,0428db50-7fcd-4a75-a118-969172dd4c69,0428db50-7fcd-4a75-a118-969172dd4c69,1,1,41.69102389080817,-80.51267117203781,POINT (-80.51267117203781 41.69102389080817),2022-06-05 02:11:47 UTC,2022-06-05 02:12:33 UTC,bdh64@pitt.edu,bdh64@pitt.edu,BAG06,22:11,,Water,18,eea0b59e-57db-4ae3-8303-87b0f23b7bbf,,https://web.fulcrumapp.com/photos/view?photos=eea0b59e-57db-4ae3-8303-87b0f23b7bbf,
de7f482f-1a67-4c85-addb-54c1a6512865,0428db50-7fcd-4a75-a118-969172dd4c69,0428db50-7fcd-4a75-a118-969172dd4c69,1,1,41.690598883180456,-80.51280103544748,POINT (-80.51280103544748 41.690598883180456),2022-06-05 02:34:59 UTC,2022-06-05 02:35:42 UTC,bdh64@pitt.edu,bdh64@pitt.edu,BAG18,22:34,16,Water,16,0a1050b0-3f87-4c36-953d-e98c5aa34df5,,https://web.fulcrumapp.com/photos/view?photos=0a1050b0-3f87-4c36-953d-e98c5aa34df5,
e705bfa2-2d6d-43c2-9769-4b1115856044,0428db50-7fcd-4a75-a118-969172dd4c69,0428db50-7fcd-4a75-a118-969172dd4c69,1,1,41.69054718077996,-80.51282653753196,POINT (-80.51282653753196 41.69054718077996),2022-06-05 02:38:50 UTC,2022-06-05 02:39:26 UTC,bdh64@pitt.edu,bdh64@pitt.edu,BAG05,22:38,16,Water,16,9b8b5c98-b4a1-43da-bb76-7abafdfefa03,,https://web.fulcrumapp.com/photos/view?photos=9b8b5c98-b4a1-43da-bb76-7abafdfefa03,
26039ce2-5ab1-41d9-a962-755504605405,0428db50-7fcd-4a75-a118-969172dd4c69,0428db50-7fcd-4a75-a118-969172dd4c69,1,1,41.69102389080817,-80.51267117203781,POINT (-80.51267117203781 41.69102389080817),2022-06-05 02:46:18 UTC,2022-06-05 02:47:03 UTC,bdh64@pitt.edu,bdh64@pitt.edu,BAG03,22:46,,Water,16.3,dd03eecf-6e5c-40cd-a09b-eaaf5cb4ea88,,https://web.fulcrumapp.com/photos/view?photos=dd03eecf-6e5c-40cd-a09b-eaaf5cb4ea88,
0b8d610a-7c6e-4709-b49a-36a7cc2c32d4,97f1677a-f2aa-4aac-9ec5-6a724170a3dd,97f1677a-f2aa-4aac-9ec5-6a724170a3dd,1,1,41.69186120440375,-80.49979942918534,POINT (-80.49979942918534 41.69186120440375),2022-06-08 01:15:31 UTC,2022-06-08 01:22:12 UTC,bdh64@pitt.edu,bdh64@pitt.edu,BAG11,21:21,,Dry ground,17.8,,,,
9074e7e4-8dfa-4732-b82c-c9c66da3118d,97f1677a-f2aa-4aac-9ec5-6a724170a3dd,97f1677a-f2aa-4aac-9ec5-6a724170a3dd,1,1,41.692021018618576,-80.50065756264141,POINT (-80.50065756264141 41.692021018618576),2022-06-08 02:11:34 UTC,2022-06-08 02:28:16 UTC,bdh64@pitt.edu,bdh64@pitt.edu,BAG14,22:11,17.6,Emergent Vegetation (Lower than 1m),18.5,030a9da8-e572-4163-ad1b-5ffc2d8beb0b,,https://web.fulcrumapp.com/photos/view?photos=030a9da8-e572-4163-ad1b-5ffc2d8beb0b,
aee2a27f-6966-4884-a064-18f0063d508e,97f1677a-f2aa-4aac-9ec5-6a724170a3dd,97f1677a-f2aa-4aac-9ec5-6a724170a3dd,1,1,41.69161983471513,-80.50083287227942,POINT (-80.50083287227942 41.69161983471513),2022-06-08 02:28:17 UTC,2022-06-08 02:29:01 UTC,bdh64@pitt.edu,bdh64@pitt.edu,BAG13,22:28,18.2,Water,18.6,2c4565aa-877e-49ba-891b-a7bdb3640225,,https://web.fulcrumapp.com/photos/view?photos=2c4565aa-877e-49ba-891b-a7bdb3640225,
4a833bb2-d229-4d85-9b6f-512a5756927d,97f1677a-f2aa-4aac-9ec5-6a724170a3dd,97f1677a-f2aa-4aac-9ec5-6a724170a3dd,1,1,41.69156788068157,-80.50085767086834,POINT (-80.50085767086834 41.69156788068157),2022-06-08 02:35:28 UTC,2022-06-08 02:35:45 UTC,bdh64@pitt.edu,bdh64@pitt.edu,BAG34,22:35,16.9,Emergent Vegetation (Lower than 1m),18.6,,,,
c4f7aac3-6ed0-4b8a-8459-be55ffa3d6e2,97f1677a-f2aa-4aac-9ec5-6a724170a3dd,97f1677a-f2aa-4aac-9ec5-6a724170a3dd,1,1,41.692021018618576,-80.50065756264141,POINT (-80.50065756264141 41.692021018618576),2022-06-08 02:49:49 UTC,2022-06-08 02:50:30 UTC,bdh64@pitt.edu,bdh64@pitt.edu,BAG45,22:49,17.3,Emergent Vegetation (Lower than 1m),,,,,
