fulcrum_id,fulcrum_parent_id,fulcrum_record_id,fulcrum_record_version,version,latitude,longitude,geometry,created_at,updated_at,created_by,updated_by,species_ves,species_ves_other,count_ves,comments_ves
c1d89746-e16f-4af6-92a3-39dfeadecc13,b45745d8-50c3-4b19-86f9-6dcdbf09c933,b45745d8-50c3-4b19-86f9-6dcdbf09c933,1,1,41.56795669816601,-80.45173471801024,POINT (-80.45173471801024 41.56795669816601),2022-05-26 21:04:38 EDT,2022-05-26 21:04:50 EDT,bdh64@pitt.edu,bdh64@pitt.edu,Rana clamitans,,1,
c6a5bee8-cd33-4726-8ad6-f12b8743f024,b45745d8-50c3-4b19-86f9-6dcdbf09c933,b45745d8-50c3-4b19-86f9-6dcdbf09c933,1,1,41.56824013222155,-80.45156724758488,POINT (-80.45156724758488 41.56824013222155),2022-05-26 21:09:57 EDT,2022-05-26 21:10:04 EDT,bdh64@pitt.edu,bdh64@pitt.edu,Rana clamitans,,1,
41223a0b-d535-4e28-9296-013a8800c1c9,ab650c75-134c-4da1-8c84-3a0546637835,ab650c75-134c-4da1-8c84-3a0546637835,1,1,41.568140534944966,-80.45170193268005,POINT (-80.45170193268005 41.568140534944966),2022-05-26 20:58:48 EDT,2022-05-26 20:58:54 EDT,bdh64@pitt.edu,bdh64@pitt.edu,Rana catesbeiana,,1,
d7d637ce-ef2a-4c12-bd68-fb61cb1aaa58,ab650c75-134c-4da1-8c84-3a0546637835,ab650c75-134c-4da1-8c84-3a0546637835,1,1,41.56826268623014,-80.45169949994555,POINT (-80.45169949994555 41.56826268623014),2022-05-26 20:59:40 EDT,2022-05-26 20:59:49 EDT,bdh64@pitt.edu,bdh64@pitt.edu,Rana clamitans,,1,
e620a53d-34b9-49bd-9e3a-d5c8bf805951,ab650c75-134c-4da1-8c84-3a0546637835,ab650c75-134c-4da1-8c84-3a0546637835,1,1,41.568167495914125,-80.45186208582146,POINT (-80.45186208582146 41.568167495914125),2022-05-26 21:02:12 EDT,2022-05-26 21:02:17 EDT,bdh64@pitt.edu,bdh64@pitt.edu,Rana clamitans,,1,
feb073e2-da3a-4bcb-8300-a5221c08eaa7,ab650c75-134c-4da1-8c84-3a0546637835,ab650c75-134c-4da1-8c84-3a0546637835,1,1,41.56849718016065,-80.45153849629419,POINT (-80.45153849629419 41.56849718016065),2022-05-26 21:05:31 EDT,2022-05-26 21:05:40 EDT,bdh64@pitt.edu,bdh64@pitt.edu,Rana catesbeiana,,2,
119e4a07-dce8-4d7d-b7e8-44f43288ff9e,ab650c75-134c-4da1-8c84-3a0546637835,ab650c75-134c-4da1-8c84-3a0546637835,1,1,41.568262636265814,-80.45167701278534,POINT (-80.45167701278534 41.568262636265814),2022-05-26 21:06:20 EDT,2022-05-26 21:06:25 EDT,bdh64@pitt.edu,bdh64@pitt.edu,Rana clamitans,,1,
1aaead8e-02f6-4f62-9dba-4600ac7419ca,ab650c75-134c-4da1-8c84-3a0546637835,ab650c75-134c-4da1-8c84-3a0546637835,1,1,41.56834859359803,-80.45162539211573,POINT (-80.45162539211573 41.56834859359803),2022-05-26 21:07:55 EDT,2022-05-26 21:08:02 EDT,bdh64@pitt.edu,bdh64@pitt.edu,Rana catesbeiana,,1,
245057f1-885e-4e40-8aff-944738d90808,ab650c75-134c-4da1-8c84-3a0546637835,ab650c75-134c-4da1-8c84-3a0546637835,1,1,41.568239614393626,-80.45153250417307,POINT (-80.45153250417307 41.568239614393626),2022-05-26 21:10:01 EDT,2022-05-26 21:10:08 EDT,bdh64@pitt.edu,bdh64@pitt.edu,Rana catesbeiana,,1,
e1e8274f-cfa1-4e1c-a7a7-44d9f77f003d,ab650c75-134c-4da1-8c84-3a0546637835,ab650c75-134c-4da1-8c84-3a0546637835,1,1,41.56818769299407,-80.45150242295803,POINT (-80.45150242295803 41.56818769299407),2022-05-26 21:11:23 EDT,2022-05-26 21:11:27 EDT,bdh64@pitt.edu,bdh64@pitt.edu,Rana clamitans,,1,
dfb0735d-20ba-4524-a80d-c3b601ca9332,ab650c75-134c-4da1-8c84-3a0546637835,ab650c75-134c-4da1-8c84-3a0546637835,1,1,41.568508170800165,-80.45165510707183,POINT (-80.45165510707183 41.568508170800165),2022-05-26 21:15:22 EDT,2022-05-26 21:15:29 EDT,bdh64@pitt.edu,bdh64@pitt.edu,Rana clamitans,,1,
cfdc24b1-c548-4419-8a0c-75061e0f3b14,ab650c75-134c-4da1-8c84-3a0546637835,ab650c75-134c-4da1-8c84-3a0546637835,1,1,41.56819843133672,-80.45150707329519,POINT (-80.45150707329519 41.56819843133672),2022-05-26 21:16:28 EDT,2022-05-26 21:17:01 EDT,bdh64@pitt.edu,bdh64@pitt.edu,Rana catesbeiana,,1,
a8c1dfca-9b2e-4e83-80bd-fd42543dab4b,42d6e420-a94d-40fc-bd29-9f71a78c5314,42d6e420-a94d-40fc-bd29-9f71a78c5314,1,1,41.5680787805857,-80.4516555928443,POINT (-80.4516555928443 41.5680787805857),2022-05-26 21:01:18 EDT,2022-05-26 21:01:30 EDT,bdh64@pitt.edu,bdh64@pitt.edu,Rana catesbeiana,,1,
e907b919-ac32-4437-8036-a338dc68d39f,42d6e420-a94d-40fc-bd29-9f71a78c5314,42d6e420-a94d-40fc-bd29-9f71a78c5314,1,1,41.56804993956385,-80.45164573349999,POINT (-80.45164573349999 41.56804993956385),2022-05-26 21:01:44 EDT,2022-05-26 21:01:53 EDT,bdh64@pitt.edu,bdh64@pitt.edu,Rana clamitans,,1,
85760f32-1af9-4d3a-b7c7-d7a3688e23a0,42d6e420-a94d-40fc-bd29-9f71a78c5314,42d6e420-a94d-40fc-bd29-9f71a78c5314,1,1,41.568021616006064,-80.45174251318019,POINT (-80.45174251318019 41.568021616006064),2022-05-26 21:04:56 EDT,2022-05-26 21:05:05 EDT,bdh64@pitt.edu,bdh64@pitt.edu,Rana clamitans,,1,
28b40476-bd0f-4616-8515-ff5c9b60295c,42d6e420-a94d-40fc-bd29-9f71a78c5314,42d6e420-a94d-40fc-bd29-9f71a78c5314,1,1,41.56821108892706,-80.45169222176116,POINT (-80.45169222176116 41.56821108892706),2022-05-26 21:05:46 EDT,2022-05-26 21:05:54 EDT,bdh64@pitt.edu,bdh64@pitt.edu,Rana clamitans,,1,
21be48de-97fa-4966-b516-d8df2e6a41e6,42d6e420-a94d-40fc-bd29-9f71a78c5314,42d6e420-a94d-40fc-bd29-9f71a78c5314,1,1,41.56823376197514,-80.45161502443295,POINT (-80.45161502443295 41.56823376197514),2022-05-26 21:06:46 EDT,2022-05-26 21:06:59 EDT,bdh64@pitt.edu,bdh64@pitt.edu,Rana clamitans,,1,
026536f8-24c1-4d43-acef-f7552f56af79,42d6e420-a94d-40fc-bd29-9f71a78c5314,42d6e420-a94d-40fc-bd29-9f71a78c5314,1,1,41.568264314012396,-80.45164058923763,POINT (-80.45164058923763 41.568264314012396),2022-05-26 21:09:21 EDT,2022-05-26 21:09:26 EDT,bdh64@pitt.edu,bdh64@pitt.edu,Rana clamitans,,1,
dedd65d4-bb00-4728-972f-34045078144b,42d6e420-a94d-40fc-bd29-9f71a78c5314,42d6e420-a94d-40fc-bd29-9f71a78c5314,1,1,41.56824604146348,-80.4514898826186,POINT (-80.4514898826186 41.56824604146348),2022-05-26 21:10:53 EDT,2022-05-26 21:10:59 EDT,bdh64@pitt.edu,bdh64@pitt.edu,Rana clamitans,,1,
e96a3495-b5ba-48e1-b46b-56f2d821ad2a,42d6e420-a94d-40fc-bd29-9f71a78c5314,42d6e420-a94d-40fc-bd29-9f71a78c5314,1,1,41.56822307504879,-80.45152961283965,POINT (-80.45152961283965 41.56822307504879),2022-05-26 21:11:23 EDT,2022-05-26 21:11:28 EDT,bdh64@pitt.edu,bdh64@pitt.edu,Rana catesbeiana,,1,
9c02022a-ef54-4075-88d0-64770a73cd0f,42d6e420-a94d-40fc-bd29-9f71a78c5314,42d6e420-a94d-40fc-bd29-9f71a78c5314,1,1,41.568232756146756,-80.45151226230007,POINT (-80.45151226230007 41.568232756146756),2022-05-26 21:12:09 EDT,2022-05-26 21:12:14 EDT,bdh64@pitt.edu,bdh64@pitt.edu,Rana clamitans,,1,
6cd839f8-b025-4387-84d7-b4ccac584671,42d6e420-a94d-40fc-bd29-9f71a78c5314,42d6e420-a94d-40fc-bd29-9f71a78c5314,1,1,41.568194367030436,-80.45151846490842,POINT (-80.45151846490842 41.568194367030436),2022-05-26 21:13:03 EDT,2022-05-26 21:13:08 EDT,bdh64@pitt.edu,bdh64@pitt.edu,Rana clamitans,,1,
4262d851-11dc-485a-8e5f-6b33274a1759,42d6e420-a94d-40fc-bd29-9f71a78c5314,42d6e420-a94d-40fc-bd29-9f71a78c5314,1,1,41.56817374754843,-80.45154000639957,POINT (-80.45154000639957 41.56817374754843),2022-05-26 21:14:15 EDT,2022-05-26 21:14:27 EDT,bdh64@pitt.edu,bdh64@pitt.edu,Rana clamitans,,1,
53aa9aac-d672-4176-9baf-fa3e06111565,42d6e420-a94d-40fc-bd29-9f71a78c5314,42d6e420-a94d-40fc-bd29-9f71a78c5314,1,1,41.568174082824754,-80.45155668638688,POINT (-80.45155668638688 41.568174082824754),2022-05-26 21:16:18 EDT,2022-05-26 21:16:23 EDT,bdh64@pitt.edu,bdh64@pitt.edu,Rana catesbeiana,,1,
f8fc769d-0639-4a5f-8004-382c10105f65,7720af50-573c-4fb3-bbaf-8179c2f780fc,7720af50-573c-4fb3-bbaf-8179c2f780fc,1,1,41.56826435378599,-80.45155539408898,POINT (-80.45155539408898 41.56826435378599),2022-05-27 20:44:07 EDT,2022-05-27 20:44:14 EDT,bdh64@pitt.edu,bdh64@pitt.edu,Rana catesbeiana,,1,
14913d22-3367-4710-9fa5-b5fbdc846029,7720af50-573c-4fb3-bbaf-8179c2f780fc,7720af50-573c-4fb3-bbaf-8179c2f780fc,1,1,41.56825008520981,-80.45158756674122,POINT (-80.45158756674122 41.56825008520981),2022-05-27 20:44:43 EDT,2022-05-27 20:44:50 EDT,bdh64@pitt.edu,bdh64@pitt.edu,Rana catesbeiana,,1,
8cbafd5f-65f1-4304-965f-6f6e4f1d6ebd,7720af50-573c-4fb3-bbaf-8179c2f780fc,7720af50-573c-4fb3-bbaf-8179c2f780fc,1,1,41.568308993882646,-80.4515258938428,POINT (-80.4515258938428 41.568308993882646),2022-05-27 20:46:14 EDT,2022-05-27 20:46:24 EDT,bdh64@pitt.edu,bdh64@pitt.edu,Rana catesbeiana,,1,
c931da65-49d0-4b04-8e10-e9d3014be6d0,7720af50-573c-4fb3-bbaf-8179c2f780fc,7720af50-573c-4fb3-bbaf-8179c2f780fc,1,1,41.568192187735406,-80.45168425895315,POINT (-80.45168425895315 41.568192187735406),2022-05-27 20:52:53 EDT,2022-05-27 20:53:00 EDT,bdh64@pitt.edu,bdh64@pitt.edu,Rana clamitans,,1,
c3c0f11e-72aa-4596-ac4e-066de1c14d4b,7720af50-573c-4fb3-bbaf-8179c2f780fc,7720af50-573c-4fb3-bbaf-8179c2f780fc,1,1,41.56814964957681,-80.45163673356217,POINT (-80.45163673356217 41.56814964957681),2022-05-27 20:55:22 EDT,2022-05-27 20:55:32 EDT,bdh64@pitt.edu,bdh64@pitt.edu,Rana catesbeiana,,1,
903881d7-0ccf-4e4c-9f19-ecad98c2265c,b7141f5d-e059-4309-88ee-4b598ce67720,b7141f5d-e059-4309-88ee-4b598ce67720,1,1,41.568154699939434,-80.45151666406528,POINT (-80.45151666406528 41.568154699939434),2022-05-27 20:44:35 EDT,2022-05-27 20:44:41 EDT,bdh64@pitt.edu,bdh64@pitt.edu,Rana clamitans,,1,
6517faef-bd67-4313-9a65-0de2f96a96dc,b7141f5d-e059-4309-88ee-4b598ce67720,b7141f5d-e059-4309-88ee-4b598ce67720,1,1,41.56847338090575,-80.45154042677464,POINT (-80.45154042677464 41.56847338090575),2022-05-27 20:49:09 EDT,2022-05-27 20:49:14 EDT,bdh64@pitt.edu,bdh64@pitt.edu,Rana catesbeiana,,1,
20b85e1a-257d-4c2f-bd8b-92c49fddacdd,b7141f5d-e059-4309-88ee-4b598ce67720,b7141f5d-e059-4309-88ee-4b598ce67720,1,1,41.568265121304094,-80.451548369073,POINT (-80.451548369073 41.568265121304094),2022-05-27 20:49:18 EDT,2022-05-27 20:49:24 EDT,bdh64@pitt.edu,bdh64@pitt.edu,Rana catesbeiana,,1,
c0d92874-59e5-48b2-bad6-24da641826cc,b7141f5d-e059-4309-88ee-4b598ce67720,b7141f5d-e059-4309-88ee-4b598ce67720,1,1,41.56833860383761,-80.45168646930317,POINT (-80.45168646930317 41.56833860383761),2022-05-27 20:53:49 EDT,2022-05-27 20:53:54 EDT,bdh64@pitt.edu,bdh64@pitt.edu,Rana catesbeiana,,1,
c1d89746-e16f-4af6-92a3-39dfeadecc13,b45745d8-50c3-4b19-86f9-6dcdbf09c933,b45745d8-50c3-4b19-86f9-6dcdbf09c933,2,1,41.56795669816601,-80.45173471801024,POINT (-80.45173471801024 41.56795669816601),2022-05-26 21:04:38 EDT,2022-05-26 21:04:50 EDT,bdh64@pitt.edu,bdh64@pitt.edu,Rana clamitans,,1,
c6a5bee8-cd33-4726-8ad6-f12b8743f024,b45745d8-50c3-4b19-86f9-6dcdbf09c933,b45745d8-50c3-4b19-86f9-6dcdbf09c933,2,1,41.56824013222155,-80.45156724758488,POINT (-80.45156724758488 41.56824013222155),2022-05-26 21:09:57 EDT,2022-05-26 21:10:04 EDT,bdh64@pitt.edu,bdh64@pitt.edu,Rana clamitans,,1,
6366c77c-73f1-4752-b228-b3a136565444,c63b0e57-801f-4967-a001-22f449e7bb95,c63b0e57-801f-4967-a001-22f449e7bb95,1,1,41.690547511420974,-80.51281365272031,POINT (-80.51281365272031 41.690547511420974),2022-06-03 21:08:44 EDT,2022-06-03 21:08:55 EDT,bdh64@pitt.edu,bdh64@pitt.edu,Rana catesbeiana,,1,
c7e33458-67eb-4d90-8100-dbbd1b51c40e,c63b0e57-801f-4967-a001-22f449e7bb95,c63b0e57-801f-4967-a001-22f449e7bb95,1,1,41.69106539204979,-80.5128546248367,POINT (-80.5128546248367 41.69106539204979),2022-06-03 21:09:54 EDT,2022-06-03 21:09:59 EDT,bdh64@pitt.edu,bdh64@pitt.edu,Rana catesbeiana,,1,
13a76366-6895-4eca-a4b3-6226ef54bdfb,c63b0e57-801f-4967-a001-22f449e7bb95,c63b0e57-801f-4967-a001-22f449e7bb95,1,1,41.69112613104923,-80.5128705553415,POINT (-80.5128705553415 41.69112613104923),2022-06-03 21:10:38 EDT,2022-06-03 21:10:47 EDT,bdh64@pitt.edu,bdh64@pitt.edu,Rana catesbeiana,,5,
e5061d1f-2a2a-41b0-80b7-1bad6998ab39,c63b0e57-801f-4967-a001-22f449e7bb95,c63b0e57-801f-4967-a001-22f449e7bb95,1,1,41.691055680466775,-80.51280187590353,POINT (-80.51280187590353 41.691055680466775),2022-06-03 21:14:07 EDT,2022-06-03 21:14:13 EDT,bdh64@pitt.edu,bdh64@pitt.edu,Rana clamitans,,1,
44e1e9cc-d226-4565-bb5c-e0994ea7679b,c63b0e57-801f-4967-a001-22f449e7bb95,c63b0e57-801f-4967-a001-22f449e7bb95,1,1,41.69099079750914,-80.51271914266121,POINT (-80.51271914266121 41.69099079750914),2022-06-03 21:17:39 EDT,2022-06-03 21:17:46 EDT,bdh64@pitt.edu,bdh64@pitt.edu,Rana clamitans,,1,
77b98668-6581-43ef-bcf8-781d1de8af4d,c63b0e57-801f-4967-a001-22f449e7bb95,c63b0e57-801f-4967-a001-22f449e7bb95,1,1,41.69111927928896,-80.51270480916183,POINT (-80.51270480916183 41.69111927928896),2022-06-03 21:21:38 EDT,2022-06-03 21:21:44 EDT,bdh64@pitt.edu,bdh64@pitt.edu,Rana catesbeiana,,1,
f633628c-ee63-4ebd-a957-27ac4535d9de,c63b0e57-801f-4967-a001-22f449e7bb95,c63b0e57-801f-4967-a001-22f449e7bb95,1,1,41.69105532625382,-80.51274914355402,POINT (-80.51274914355402 41.69105532625382),2022-06-03 21:22:41 EDT,2022-06-03 21:22:46 EDT,bdh64@pitt.edu,bdh64@pitt.edu,Rana catesbeiana,,1,
d26a03de-e998-4002-b0aa-965c1e6dd545,1004c317-9c0b-42f0-b25a-10fedccf40dd,1004c317-9c0b-42f0-b25a-10fedccf40dd,1,1,41.690889294298074,-80.51247501753318,POINT (-80.51247501753318 41.690889294298074),2022-06-03 21:12:43 EDT,2022-06-03 21:12:57 EDT,bdh64@pitt.edu,bdh64@pitt.edu,Rana catesbeiana,,1,
647d9b81-eb73-49c3-9740-161c3fb9d63c,563a3f65-d811-4a26-91c3-a1cc7dbe6cf1,563a3f65-d811-4a26-91c3-a1cc7dbe6cf1,1,1,41.69103036172866,-80.51273938275921,POINT (-80.51273938275921 41.69103036172866),2022-06-03 21:25:26 EDT,2022-06-03 21:25:57 EDT,bdh64@pitt.edu,bdh64@pitt.edu,Rana catesbeiana,,1,
5da6fc35-f084-43b4-a9ef-65a5dabd2ad7,563a3f65-d811-4a26-91c3-a1cc7dbe6cf1,563a3f65-d811-4a26-91c3-a1cc7dbe6cf1,1,1,41.690992178525455,-80.51272086643358,POINT (-80.51272086643358 41.690992178525455),2022-06-03 21:26:05 EDT,2022-06-03 21:26:11 EDT,bdh64@pitt.edu,bdh64@pitt.edu,Rana clamitans,,1,
0a33636a-712e-4f68-b504-28d43402ff98,4a93929d-c650-4c82-a8e2-87f10f5a4c90,4a93929d-c650-4c82-a8e2-87f10f5a4c90,1,1,41.63849824049045,-80.4955089505722,POINT (-80.4955089505722 41.63849824049045),2022-06-14 21:20:36 EDT,2022-06-14 21:20:44 EDT,bdh64@pitt.edu,bdh64@pitt.edu,Rana clamitans,,1,
c9c201ed-c335-44ca-8f91-02663983ae07,4a93929d-c650-4c82-a8e2-87f10f5a4c90,4a93929d-c650-4c82-a8e2-87f10f5a4c90,1,1,41.6386768268809,-80.49567324116872,POINT (-80.49567324116872 41.6386768268809),2022-06-14 21:22:59 EDT,2022-06-14 21:23:05 EDT,bdh64@pitt.edu,bdh64@pitt.edu,Rana catesbeiana,,1,
2398bcea-cb53-4ae3-8bb5-6d74e03c3f4e,4a93929d-c650-4c82-a8e2-87f10f5a4c90,4a93929d-c650-4c82-a8e2-87f10f5a4c90,1,1,41.63853064648959,-80.49557274214969,POINT (-80.49557274214969 41.63853064648959),2022-06-14 21:23:54 EDT,2022-06-14 21:25:58 EDT,bdh64@pitt.edu,bdh64@pitt.edu,Rana clamitans,,1,
80b97bdb-a8fa-4c05-a4b5-3c28c24aa063,4a93929d-c650-4c82-a8e2-87f10f5a4c90,4a93929d-c650-4c82-a8e2-87f10f5a4c90,1,1,41.63865639820697,-80.49533475904654,POINT (-80.49533475904654 41.63865639820697),2022-06-14 21:26:57 EDT,2022-06-14 21:27:04 EDT,bdh64@pitt.edu,bdh64@pitt.edu,Rana clamitans,,1,
a958162e-be93-4c83-a35b-9c0877edfe6e,4a93929d-c650-4c82-a8e2-87f10f5a4c90,4a93929d-c650-4c82-a8e2-87f10f5a4c90,1,1,41.63861442361179,-80.49542102970229,POINT (-80.49542102970229 41.63861442361179),2022-06-14 21:28:31 EDT,2022-06-14 21:28:37 EDT,bdh64@pitt.edu,bdh64@pitt.edu,Rana catesbeiana,,1,
79ca0058-8469-464b-89e8-7c9448f5cbaf,4a93929d-c650-4c82-a8e2-87f10f5a4c90,4a93929d-c650-4c82-a8e2-87f10f5a4c90,1,1,41.638671043367715,-80.49540108077274,POINT (-80.49540108077274 41.638671043367715),2022-06-14 21:30:13 EDT,2022-06-14 21:30:20 EDT,bdh64@pitt.edu,bdh64@pitt.edu,Rana pipiens,,1,
8cb5ff2f-b524-47cd-be5f-971b0119c86c,4a93929d-c650-4c82-a8e2-87f10f5a4c90,4a93929d-c650-4c82-a8e2-87f10f5a4c90,1,1,41.6386818141135,-80.49539705745921,POINT (-80.49539705745921 41.6386818141135),2022-06-14 21:31:30 EDT,2022-06-14 21:31:36 EDT,bdh64@pitt.edu,bdh64@pitt.edu,Rana catesbeiana,,1,
e5b1be5a-cdf8-4340-b9fe-a96d27d3e3b6,4a93929d-c650-4c82-a8e2-87f10f5a4c90,4a93929d-c650-4c82-a8e2-87f10f5a4c90,1,1,41.63876446271411,-80.49534423279107,POINT (-80.49534423279107 41.63876446271411),2022-06-14 21:33:10 EDT,2022-06-14 21:33:15 EDT,bdh64@pitt.edu,bdh64@pitt.edu,Rana clamitans,,1,
2472c7be-cb9b-4039-b0dc-9f91ae181f84,4a93929d-c650-4c82-a8e2-87f10f5a4c90,4a93929d-c650-4c82-a8e2-87f10f5a4c90,1,1,41.63872568469134,-80.49532005359083,POINT (-80.49532005359083 41.63872568469134),2022-06-14 21:34:01 EDT,2022-06-14 21:34:07 EDT,bdh64@pitt.edu,bdh64@pitt.edu,Rana clamitans,,1,
e7c6f011-62b2-4cf5-abf6-c00c5f4a9a5d,4a93929d-c650-4c82-a8e2-87f10f5a4c90,4a93929d-c650-4c82-a8e2-87f10f5a4c90,1,1,41.63871902976337,-80.49544491812632,POINT (-80.49544491812632 41.63871902976337),2022-06-14 21:35:16 EDT,2022-06-14 21:35:21 EDT,bdh64@pitt.edu,bdh64@pitt.edu,Rana clamitans,,1,
27a8a2c7-192b-4582-b156-469c8bc1feab,4a93929d-c650-4c82-a8e2-87f10f5a4c90,4a93929d-c650-4c82-a8e2-87f10f5a4c90,1,1,41.63877991376569,-80.49534883711857,POINT (-80.49534883711857 41.63877991376569),2022-06-14 21:36:18 EDT,2022-06-14 21:36:25 EDT,bdh64@pitt.edu,bdh64@pitt.edu,Rana clamitans,,1,
647d9b81-eb73-49c3-9740-161c3fb9d63c,563a3f65-d811-4a26-91c3-a1cc7dbe6cf1,563a3f65-d811-4a26-91c3-a1cc7dbe6cf1,2,1,41.69103036172866,-80.51273938275921,POINT (-80.51273938275921 41.69103036172866),2022-06-03 21:25:26 EDT,2022-06-03 21:25:57 EDT,bdh64@pitt.edu,bdh64@pitt.edu,Rana catesbeiana,,1,
5da6fc35-f084-43b4-a9ef-65a5dabd2ad7,563a3f65-d811-4a26-91c3-a1cc7dbe6cf1,563a3f65-d811-4a26-91c3-a1cc7dbe6cf1,2,1,41.690992178525455,-80.51272086643358,POINT (-80.51272086643358 41.690992178525455),2022-06-03 21:26:05 EDT,2022-06-03 21:26:11 EDT,bdh64@pitt.edu,bdh64@pitt.edu,Rana clamitans,,1,
74b4e1ce-946b-47c7-8d4d-934f51544ad9,9789a72f-46e6-473a-819f-689ed0671987,9789a72f-46e6-473a-819f-689ed0671987,1,1,41.63893552383869,-80.49526741538635,POINT (-80.49526741538635 41.63893552383869),2022-06-14 21:22:16 EDT,2022-06-14 21:22:20 EDT,bdh64@pitt.edu,bdh64@pitt.edu,Rana catesbeiana,,1,
be1ac1fd-9f0f-418a-8bd9-5dd37ce1785a,9789a72f-46e6-473a-819f-689ed0671987,9789a72f-46e6-473a-819f-689ed0671987,1,1,41.6388380249138,-80.49539510999243,POINT (-80.49539510999243 41.6388380249138),2022-06-14 21:26:18 EDT,2022-06-14 21:26:23 EDT,bdh64@pitt.edu,bdh64@pitt.edu,Rana clamitans,,1,
d2612b44-9992-4ee9-be97-a715d11bd0e5,9789a72f-46e6-473a-819f-689ed0671987,9789a72f-46e6-473a-819f-689ed0671987,1,1,41.63870541665153,-80.49543577479574,POINT (-80.49543577479574 41.63870541665153),2022-06-14 21:29:18 EDT,2022-06-14 21:29:23 EDT,bdh64@pitt.edu,bdh64@pitt.edu,Rana catesbeiana,,1,
df8e9d6d-be83-4dfa-941e-db81703adee1,9789a72f-46e6-473a-819f-689ed0671987,9789a72f-46e6-473a-819f-689ed0671987,1,1,41.63860470438045,-80.4953561289733,POINT (-80.4953561289733 41.63860470438045),2022-06-14 21:30:03 EDT,2022-06-14 21:30:10 EDT,bdh64@pitt.edu,bdh64@pitt.edu,Rana pipiens,,1,
2e6e0538-5183-4a02-9bea-97ecadae94eb,9789a72f-46e6-473a-819f-689ed0671987,9789a72f-46e6-473a-819f-689ed0671987,1,1,41.6385720476985,-80.49538768485215,POINT (-80.49538768485215 41.6385720476985),2022-06-14 21:33:32 EDT,2022-06-14 21:33:37 EDT,bdh64@pitt.edu,bdh64@pitt.edu,Rana pipiens,,1,
74cbefe6-8d27-4abb-bba4-26348a8669a9,9789a72f-46e6-473a-819f-689ed0671987,9789a72f-46e6-473a-819f-689ed0671987,1,1,41.63862956214508,-80.49542418589199,POINT (-80.49542418589199 41.63862956214508),2022-06-14 21:36:01 EDT,2022-06-14 21:36:07 EDT,bdh64@pitt.edu,bdh64@pitt.edu,Rana clamitans,,1,
0e7be2a8-e493-438a-b55c-5aa7a61b0ff6,9789a72f-46e6-473a-819f-689ed0671987,9789a72f-46e6-473a-819f-689ed0671987,1,1,41.63856557362229,-80.49550123674882,POINT (-80.49550123674882 41.63856557362229),2022-06-14 21:40:20 EDT,2022-06-14 21:40:29 EDT,bdh64@pitt.edu,bdh64@pitt.edu,Rana catesbeiana,,4,
e09be2a7-fc4b-49f8-b956-5238a578c8e7,9789a72f-46e6-473a-819f-689ed0671987,9789a72f-46e6-473a-819f-689ed0671987,1,1,41.63858012273533,-80.49550714530557,POINT (-80.49550714530557 41.63858012273533),2022-06-14 21:40:30 EDT,2022-06-14 21:40:39 EDT,bdh64@pitt.edu,bdh64@pitt.edu,Rana clamitans,,3,
2c796487-7abd-48a3-a188-241f7617ac66,3872d47e-5ec8-41a4-b319-73fd789634ea,3872d47e-5ec8-41a4-b319-73fd789634ea,1,1,41.63880762165197,-80.49534211600893,POINT (-80.49534211600893 41.63880762165197),2022-06-15 21:34:12 EDT,2022-06-15 21:34:19 EDT,bdh64@pitt.edu,bdh64@pitt.edu,Rana catesbeiana,,1,
fbf5b311-0a92-4f6b-9889-55eb97c8e330,3872d47e-5ec8-41a4-b319-73fd789634ea,3872d47e-5ec8-41a4-b319-73fd789634ea,1,1,41.63882285680099,-80.49536516282244,POINT (-80.49536516282244 41.63882285680099),2022-06-15 21:34:44 EDT,2022-06-15 21:34:49 EDT,bdh64@pitt.edu,bdh64@pitt.edu,Rana clamitans,,1,
7d053d29-92e2-4d0d-bc83-0553584244b1,3872d47e-5ec8-41a4-b319-73fd789634ea,3872d47e-5ec8-41a4-b319-73fd789634ea,1,1,41.638789710999795,-80.49529876579848,POINT (-80.49529876579848 41.638789710999795),2022-06-15 21:35:17 EDT,2022-06-15 21:35:22 EDT,bdh64@pitt.edu,bdh64@pitt.edu,Rana clamitans,,1,
94c1dd02-6cb9-4652-89a1-124dac9a0126,3872d47e-5ec8-41a4-b319-73fd789634ea,3872d47e-5ec8-41a4-b319-73fd789634ea,1,1,41.638872250878975,-80.49537186435299,POINT (-80.49537186435299 41.638872250878975),2022-06-15 21:35:59 EDT,2022-06-15 21:36:04 EDT,bdh64@pitt.edu,bdh64@pitt.edu,Rana catesbeiana,,1,
b0f0ac41-3de0-4769-909c-365bafbd9196,3872d47e-5ec8-41a4-b319-73fd789634ea,3872d47e-5ec8-41a4-b319-73fd789634ea,1,1,41.638960065745856,-80.49537947799264,POINT (-80.49537947799264 41.638960065745856),2022-06-15 21:37:01 EDT,2022-06-15 21:37:05 EDT,bdh64@pitt.edu,bdh64@pitt.edu,Rana clamitans,,1,
957b7db0-d2e6-4e7d-a487-d88d25d1ad6b,3872d47e-5ec8-41a4-b319-73fd789634ea,3872d47e-5ec8-41a4-b319-73fd789634ea,1,1,41.638956281299905,-80.49533980681296,POINT (-80.49533980681296 41.638956281299905),2022-06-15 21:38:07 EDT,2022-06-15 21:42:20 EDT,bdh64@pitt.edu,bdh64@pitt.edu,Rana catesbeiana,,1,
cb41d710-c1bb-4111-b762-077b7616baeb,3872d47e-5ec8-41a4-b319-73fd789634ea,3872d47e-5ec8-41a4-b319-73fd789634ea,1,1,41.63867871888677,-80.49536620618866,POINT (-80.49536620618866 41.63867871888677),2022-06-15 21:39:09 EDT,2022-06-15 21:50:16 EDT,bdh64@pitt.edu,bdh64@pitt.edu,Rana clamitans,,1,
7dae00ed-1546-41fa-902f-a0008013268e,3872d47e-5ec8-41a4-b319-73fd789634ea,3872d47e-5ec8-41a4-b319-73fd789634ea,1,1,41.63888099149383,-80.49515679932897,POINT (-80.49515679932897 41.63888099149383),2022-06-15 21:40:16 EDT,2022-06-15 21:51:35 EDT,bdh64@pitt.edu,bdh64@pitt.edu,Rana clamitans,,1,
1660a836-99cd-4ef7-9ab5-08666340b483,3872d47e-5ec8-41a4-b319-73fd789634ea,3872d47e-5ec8-41a4-b319-73fd789634ea,1,1,41.63880407570266,-80.49542239714265,POINT (-80.49542239714265 41.63880407570266),2022-06-15 21:42:21 EDT,2022-06-15 21:42:27 EDT,bdh64@pitt.edu,bdh64@pitt.edu,Rana catesbeiana,,1,
0241f7b6-c2a9-4b04-925c-0c91f534494e,3872d47e-5ec8-41a4-b319-73fd789634ea,3872d47e-5ec8-41a4-b319-73fd789634ea,1,1,41.63867420689073,-80.49540510300947,POINT (-80.49540510300947 41.63867420689073),2022-06-15 21:43:09 EDT,2022-06-15 21:43:15 EDT,bdh64@pitt.edu,bdh64@pitt.edu,Rana clamitans,,1,
aa5077fe-495a-495e-9fa0-a9255ec71ab1,3872d47e-5ec8-41a4-b319-73fd789634ea,3872d47e-5ec8-41a4-b319-73fd789634ea,1,1,41.638726995185046,-80.4954743539735,POINT (-80.4954743539735 41.638726995185046),2022-06-15 21:43:49 EDT,2022-06-15 21:43:54 EDT,bdh64@pitt.edu,bdh64@pitt.edu,Rana catesbeiana,,1,
895dbb50-ff69-446a-aca3-bc97ed29af86,3872d47e-5ec8-41a4-b319-73fd789634ea,3872d47e-5ec8-41a4-b319-73fd789634ea,1,1,41.63867871888677,-80.49536620618866,POINT (-80.49536620618866 41.63867871888677),2022-06-15 21:45:03 EDT,2022-06-15 21:45:12 EDT,bdh64@pitt.edu,bdh64@pitt.edu,Rana clamitans,,2,
f39a8e3a-9e43-4859-9b59-c2aab7bd67f1,3872d47e-5ec8-41a4-b319-73fd789634ea,3872d47e-5ec8-41a4-b319-73fd789634ea,1,1,41.63867871888677,-80.49536620618866,POINT (-80.49536620618866 41.63867871888677),2022-06-15 21:47:02 EDT,2022-06-15 21:47:07 EDT,bdh64@pitt.edu,bdh64@pitt.edu,Rana catesbeiana,,1,
c56bbd1c-1126-4027-8c1a-89e500534af0,3872d47e-5ec8-41a4-b319-73fd789634ea,3872d47e-5ec8-41a4-b319-73fd789634ea,1,1,41.63867436638246,-80.49549947859683,POINT (-80.49549947859683 41.63867436638246),2022-06-15 21:47:19 EDT,2022-06-15 21:47:23 EDT,bdh64@pitt.edu,bdh64@pitt.edu,Rana clamitans,,1,
12774f73-a6fc-4a12-b9ce-06e3bb90c63d,3872d47e-5ec8-41a4-b319-73fd789634ea,3872d47e-5ec8-41a4-b319-73fd789634ea,1,1,41.63861127624308,-80.49540693285641,POINT (-80.49540693285641 41.63861127624308),2022-06-15 21:48:05 EDT,2022-06-15 21:48:10 EDT,bdh64@pitt.edu,bdh64@pitt.edu,Rana catesbeiana,,1,
93ede874-c07a-4dac-b60d-f1f7c3392c8a,3872d47e-5ec8-41a4-b319-73fd789634ea,3872d47e-5ec8-41a4-b319-73fd789634ea,1,1,41.63867871888677,-80.49536620618866,POINT (-80.49536620618866 41.63867871888677),2022-06-15 21:49:01 EDT,2022-06-15 21:49:07 EDT,bdh64@pitt.edu,bdh64@pitt.edu,Rana clamitans,,1,
991c5242-ca4f-4294-a3f1-f79082e8d9a0,3872d47e-5ec8-41a4-b319-73fd789634ea,3872d47e-5ec8-41a4-b319-73fd789634ea,1,1,41.63856829386988,-80.49536950904547,POINT (-80.49536950904547 41.63856829386988),2022-06-15 21:49:48 EDT,2022-06-15 21:49:53 EDT,bdh64@pitt.edu,bdh64@pitt.edu,Rana clamitans,,1,
9990bcbf-f6d3-450c-8454-37f219a48e6c,3872d47e-5ec8-41a4-b319-73fd789634ea,3872d47e-5ec8-41a4-b319-73fd789634ea,1,1,41.638560679668274,-80.49540183257662,POINT (-80.49540183257662 41.638560679668274),2022-06-15 21:50:17 EDT,2022-06-15 21:50:22 EDT,bdh64@pitt.edu,bdh64@pitt.edu,Rana clamitans,,1,
28dc3350-bce1-4df7-a278-e2d1ae9c821f,3872d47e-5ec8-41a4-b319-73fd789634ea,3872d47e-5ec8-41a4-b319-73fd789634ea,1,1,41.63863569952251,-80.49554692354526,POINT (-80.49554692354526 41.63863569952251),2022-06-15 21:51:02 EDT,2022-06-15 21:51:07 EDT,bdh64@pitt.edu,bdh64@pitt.edu,Rana clamitans,,1,
ac2d1aab-c9fa-4087-8c50-293d5915d4f0,3872d47e-5ec8-41a4-b319-73fd789634ea,3872d47e-5ec8-41a4-b319-73fd789634ea,1,1,41.63871440636669,-80.49547426688761,POINT (-80.49547426688761 41.63871440636669),2022-06-15 21:51:36 EDT,2022-06-15 21:51:40 EDT,bdh64@pitt.edu,bdh64@pitt.edu,Rana catesbeiana,,1,
985b46fb-e223-4128-9884-881058b93228,3872d47e-5ec8-41a4-b319-73fd789634ea,3872d47e-5ec8-41a4-b319-73fd789634ea,1,1,41.63855891821097,-80.49529211312752,POINT (-80.49529211312752 41.63855891821097),2022-06-15 21:52:53 EDT,2022-06-15 21:53:12 EDT,bdh64@pitt.edu,bdh64@pitt.edu,Rana clamitans,,3,
e2086a81-af73-4462-87a0-fbe5b87c3576,1636d7c9-e2ec-4e70-82f6-a2ccf8888a12,1636d7c9-e2ec-4e70-82f6-a2ccf8888a12,1,1,41.71213835762415,-80.39130174828843,POINT (-80.39130174828843 41.71213835762415),2022-06-27 22:15:15 EDT,2022-06-27 22:17:36 EDT,bdh64@pitt.edu,bdh64@pitt.edu,Rana catesbeiana,,1,
0c339f12-1c29-425c-bb1a-cdd17354eb6c,1636d7c9-e2ec-4e70-82f6-a2ccf8888a12,1636d7c9-e2ec-4e70-82f6-a2ccf8888a12,1,1,41.712201350839045,-80.39133398691307,POINT (-80.39133398691307 41.712201350839045),2022-06-27 22:17:38 EDT,2022-06-27 22:17:53 EDT,bdh64@pitt.edu,bdh64@pitt.edu,Rana clamitans,,2,
d020069e-876a-4e19-a6ec-f12c567b28bf,1636d7c9-e2ec-4e70-82f6-a2ccf8888a12,1636d7c9-e2ec-4e70-82f6-a2ccf8888a12,1,1,41.71228258833898,-80.39118835966008,POINT (-80.39118835966008 41.71228258833898),2022-06-27 22:20:32 EDT,2022-06-27 22:20:40 EDT,bdh64@pitt.edu,bdh64@pitt.edu,Rana catesbeiana,,1,
7f2b4023-b727-4421-af15-5c427dcdb340,1636d7c9-e2ec-4e70-82f6-a2ccf8888a12,1636d7c9-e2ec-4e70-82f6-a2ccf8888a12,1,1,41.71270171225021,-80.39142588881217,POINT (-80.39142588881217 41.71270171225021),2022-06-27 22:23:02 EDT,2022-06-27 22:23:11 EDT,bdh64@pitt.edu,bdh64@pitt.edu,Rana catesbeiana,,1,
7bef46e7-7803-45e4-82af-e07ef2e116bc,1636d7c9-e2ec-4e70-82f6-a2ccf8888a12,1636d7c9-e2ec-4e70-82f6-a2ccf8888a12,1,1,41.71236731350572,-80.3910623009558,POINT (-80.3910623009558 41.71236731350572),2022-06-27 22:24:07 EDT,2022-06-27 22:24:14 EDT,bdh64@pitt.edu,bdh64@pitt.edu,Rana clamitans,,1,
7c6ef68b-ab7b-40da-b75e-7f620c4af6da,1636d7c9-e2ec-4e70-82f6-a2ccf8888a12,1636d7c9-e2ec-4e70-82f6-a2ccf8888a12,1,1,41.712390432729805,-80.39102712325204,POINT (-80.39102712325204 41.712390432729805),2022-06-27 22:25:14 EDT,2022-06-27 22:25:19 EDT,bdh64@pitt.edu,bdh64@pitt.edu,Rana catesbeiana,,1,
df68d5b2-2328-450b-9015-3746d916ccf8,1636d7c9-e2ec-4e70-82f6-a2ccf8888a12,1636d7c9-e2ec-4e70-82f6-a2ccf8888a12,1,1,41.712362357854914,-80.39102439162127,POINT (-80.39102439162127 41.712362357854914),2022-06-27 22:26:30 EDT,2022-06-27 22:26:34 EDT,bdh64@pitt.edu,bdh64@pitt.edu,Rana clamitans,,1,
f7236bb0-8c86-4a1e-97d6-e6303692811b,1636d7c9-e2ec-4e70-82f6-a2ccf8888a12,1636d7c9-e2ec-4e70-82f6-a2ccf8888a12,1,1,41.71270696743547,-80.39142131092055,POINT (-80.39142131092055 41.71270696743547),2022-06-27 22:31:05 EDT,2022-06-27 22:31:18 EDT,bdh64@pitt.edu,bdh64@pitt.edu,Rana catesbeiana,,1,
52380685-cf2e-4acc-9c4c-2d8aee0c043e,1636d7c9-e2ec-4e70-82f6-a2ccf8888a12,1636d7c9-e2ec-4e70-82f6-a2ccf8888a12,1,1,41.712146955084705,-80.39123198940062,POINT (-80.39123198940062 41.712146955084705),2022-06-27 22:32:15 EDT,2022-06-27 22:32:20 EDT,bdh64@pitt.edu,bdh64@pitt.edu,Rana clamitans,,1,
06496c08-2813-4ab5-9219-80ae06a3212f,1636d7c9-e2ec-4e70-82f6-a2ccf8888a12,1636d7c9-e2ec-4e70-82f6-a2ccf8888a12,1,1,41.7121077112423,-80.39125646395759,POINT (-80.39125646395759 41.7121077112423),2022-06-27 22:33:04 EDT,2022-06-27 22:33:25 EDT,bdh64@pitt.edu,bdh64@pitt.edu,Rana catesbeiana,,2,
f2bf457d-4719-4390-98dd-eb84bae9eb95,1636d7c9-e2ec-4e70-82f6-a2ccf8888a12,1636d7c9-e2ec-4e70-82f6-a2ccf8888a12,1,1,41.712121751655964,-80.39131228741196,POINT (-80.39131228741196 41.712121751655964),2022-06-27 22:33:42 EDT,2022-06-27 22:33:46 EDT,bdh64@pitt.edu,bdh64@pitt.edu,Rana catesbeiana,,1,
2686e34d-725f-40b4-bac2-ee75bbeb74d1,07d553cd-e1e4-47d7-ab61-e8d9bd61c5ff,07d553cd-e1e4-47d7-ab61-e8d9bd61c5ff,1,1,41.71213831926281,-80.39124444262724,POINT (-80.39124444262724 41.71213831926281),2022-06-27 22:15:53 EDT,2022-06-27 22:16:00 EDT,bdh64@pitt.edu,bdh64@pitt.edu,Rana clamitans,,2,
9468a5f2-926f-45c7-b31a-a970bddd37fb,07d553cd-e1e4-47d7-ab61-e8d9bd61c5ff,07d553cd-e1e4-47d7-ab61-e8d9bd61c5ff,1,1,41.712155260308855,-80.39122302156008,POINT (-80.39122302156008 41.712155260308855),2022-06-27 22:16:41 EDT,2022-06-27 22:16:46 EDT,bdh64@pitt.edu,bdh64@pitt.edu,Rana catesbeiana,,1,
4c1ea6b1-1b70-434e-88dc-610ccf3e4e90,07d553cd-e1e4-47d7-ab61-e8d9bd61c5ff,07d553cd-e1e4-47d7-ab61-e8d9bd61c5ff,1,1,41.71214639014144,-80.39119926593717,POINT (-80.39119926593717 41.71214639014144),2022-06-27 22:17:13 EDT,2022-06-27 22:17:17 EDT,bdh64@pitt.edu,bdh64@pitt.edu,Rana clamitans,,1,
894662de-7287-42e0-90e3-c1b75dbe32c7,07d553cd-e1e4-47d7-ab61-e8d9bd61c5ff,07d553cd-e1e4-47d7-ab61-e8d9bd61c5ff,1,1,41.712199050519175,-80.39115907338319,POINT (-80.39115907338319 41.712199050519175),2022-06-27 22:18:34 EDT,2022-06-27 22:18:41 EDT,bdh64@pitt.edu,bdh64@pitt.edu,Rana clamitans,,1,
c47a397a-a991-4faf-b473-8110577b60c4,07d553cd-e1e4-47d7-ab61-e8d9bd61c5ff,07d553cd-e1e4-47d7-ab61-e8d9bd61c5ff,1,1,41.712201603637084,-80.3911628595675,POINT (-80.3911628595675 41.712201603637084),2022-06-27 22:19:16 EDT,2022-06-27 22:19:30 EDT,bdh64@pitt.edu,bdh64@pitt.edu,Rana catesbeiana,,1,
4d06ab1b-6c88-4ce5-bceb-a8f25ffdd681,07d553cd-e1e4-47d7-ab61-e8d9bd61c5ff,07d553cd-e1e4-47d7-ab61-e8d9bd61c5ff,1,1,41.71221393373618,-80.39115266855815,POINT (-80.39115266855815 41.71221393373618),2022-06-27 22:23:12 EDT,2022-06-27 22:23:17 EDT,bdh64@pitt.edu,bdh64@pitt.edu,Rana clamitans,,1,
008cb850-ecd9-4b00-a8c7-92ee509d30ca,07d553cd-e1e4-47d7-ab61-e8d9bd61c5ff,07d553cd-e1e4-47d7-ab61-e8d9bd61c5ff,1,1,41.71231189565188,-80.39106670068364,POINT (-80.39106670068364 41.71231189565188),2022-06-27 22:24:09 EDT,2022-06-27 22:24:16 EDT,bdh64@pitt.edu,bdh64@pitt.edu,Rana catesbeiana,,1,
1cf4aab4-a33b-423e-9223-a74045de9c53,07d553cd-e1e4-47d7-ab61-e8d9bd61c5ff,07d553cd-e1e4-47d7-ab61-e8d9bd61c5ff,1,1,41.712322497871085,-80.391018544572,POINT (-80.391018544572 41.712322497871085),2022-06-27 22:24:47 EDT,2022-06-27 22:24:52 EDT,bdh64@pitt.edu,bdh64@pitt.edu,Rana catesbeiana,,1,
ea2e7bfe-36dd-4697-bd11-d3c4a6ccc61c,07d553cd-e1e4-47d7-ab61-e8d9bd61c5ff,07d553cd-e1e4-47d7-ab61-e8d9bd61c5ff,1,1,41.712318212091404,-80.39101964382027,POINT (-80.39101964382027 41.712318212091404),2022-06-27 22:25:16 EDT,2022-06-27 22:25:24 EDT,bdh64@pitt.edu,bdh64@pitt.edu,Rana clamitans,,2,
d92cea4b-14c1-445d-a2b6-83df939a8606,07d553cd-e1e4-47d7-ab61-e8d9bd61c5ff,07d553cd-e1e4-47d7-ab61-e8d9bd61c5ff,1,1,41.71234929624583,-80.39101294787093,POINT (-80.39101294787093 41.71234929624583),2022-06-27 22:26:27 EDT,2022-06-27 22:26:37 EDT,bdh64@pitt.edu,bdh64@pitt.edu,Rana clamitans,,2,
c9a26cd1-94b7-46bd-bf8e-e6382404fe83,07d553cd-e1e4-47d7-ab61-e8d9bd61c5ff,07d553cd-e1e4-47d7-ab61-e8d9bd61c5ff,1,1,41.71270751,-80.39142608,POINT (-80.39142608 41.71270751),2022-06-27 22:28:53 EDT,2022-06-27 22:28:59 EDT,bdh64@pitt.edu,bdh64@pitt.edu,Rana catesbeiana,,1,
4c595c4c-ee82-4d15-acca-75588a388c81,07d553cd-e1e4-47d7-ab61-e8d9bd61c5ff,07d553cd-e1e4-47d7-ab61-e8d9bd61c5ff,1,1,41.71230694924373,-80.39116583525903,POINT (-80.39116583525903 41.71230694924373),2022-06-27 22:30:26 EDT,2022-06-27 22:30:32 EDT,bdh64@pitt.edu,bdh64@pitt.edu,Rana catesbeiana,,1,
428dbbfc-9124-4dfe-bd4b-2e4db0a35c2c,07d553cd-e1e4-47d7-ab61-e8d9bd61c5ff,07d553cd-e1e4-47d7-ab61-e8d9bd61c5ff,1,1,41.71233078666416,-80.39122251801241,POINT (-80.39122251801241 41.71233078666416),2022-06-27 22:31:33 EDT,2022-06-27 22:31:37 EDT,bdh64@pitt.edu,bdh64@pitt.edu,Rana clamitans,,1,
ffec4f00-a9df-4357-a1cb-81a29ca43470,07d553cd-e1e4-47d7-ab61-e8d9bd61c5ff,07d553cd-e1e4-47d7-ab61-e8d9bd61c5ff,1,1,41.71225627508084,-80.39128164466318,POINT (-80.39128164466318 41.71225627508084),2022-06-27 22:34:08 EDT,2022-06-27 22:34:12 EDT,bdh64@pitt.edu,bdh64@pitt.edu,Rana catesbeiana,,1,
58d2e0b7-787c-4dd6-a168-1d9268b37d9d,8754e655-4726-4e66-9c9d-bc82d8b2d25b,8754e655-4726-4e66-9c9d-bc82d8b2d25b,1,1,41.71214703988332,-80.39134527865859,POINT (-80.39134527865859 41.71214703988332),2022-06-27 22:15:48 EDT,2022-06-28 21:17:47 EDT,bdh64@pitt.edu,bdh64@pitt.edu,Rana clamitans,,1,Unsure of the accuracy of this survey 
ef1fc8a5-720a-49e7-b7e2-0a97c40f4cab,8754e655-4726-4e66-9c9d-bc82d8b2d25b,8754e655-4726-4e66-9c9d-bc82d8b2d25b,1,1,41.71217261131779,-80.39128831195096,POINT (-80.39128831195096 41.71217261131779),2022-06-27 22:17:16 EDT,2022-06-28 21:16:52 EDT,bdh64@pitt.edu,bdh64@pitt.edu,Rana clamitans,,2,
85888ee6-462c-450a-94ce-14cd0502f9a7,8754e655-4726-4e66-9c9d-bc82d8b2d25b,8754e655-4726-4e66-9c9d-bc82d8b2d25b,1,1,41.7127037,-80.39142608,POINT (-80.39142608 41.7127037),2022-06-27 22:20:20 EDT,2022-06-28 21:16:59 EDT,bdh64@pitt.edu,bdh64@pitt.edu,Rana clamitans,,2,
36ee7408-bc13-4a83-8f92-851bc73d16ae,8754e655-4726-4e66-9c9d-bc82d8b2d25b,8754e655-4726-4e66-9c9d-bc82d8b2d25b,1,1,41.7127037,-80.39142608,POINT (-80.39142608 41.7127037),2022-06-27 22:22:27 EDT,2022-06-28 21:17:04 EDT,bdh64@pitt.edu,bdh64@pitt.edu,Rana clamitans,,1,
55efb2b9-430b-4659-ae16-9cefd45f9e03,8754e655-4726-4e66-9c9d-bc82d8b2d25b,8754e655-4726-4e66-9c9d-bc82d8b2d25b,1,1,41.712374620437586,-80.39119776784118,POINT (-80.39119776784118 41.712374620437586),2022-06-27 22:23:08 EDT,2022-06-28 21:17:09 EDT,bdh64@pitt.edu,bdh64@pitt.edu,Rana clamitans,,1,
17f88a23-1dcb-4fc2-9af6-9c8765d3162c,8754e655-4726-4e66-9c9d-bc82d8b2d25b,8754e655-4726-4e66-9c9d-bc82d8b2d25b,1,1,41.7127037,-80.39142608,POINT (-80.39142608 41.7127037),2022-06-27 22:26:59 EDT,2022-06-28 21:17:15 EDT,bdh64@pitt.edu,bdh64@pitt.edu,Rana clamitans,,2,
44084a21-7bfa-4f68-99ca-e52ca3324d7a,8754e655-4726-4e66-9c9d-bc82d8b2d25b,8754e655-4726-4e66-9c9d-bc82d8b2d25b,1,1,41.712703770807664,-80.39142595317426,POINT (-80.39142595317426 41.712703770807664),2022-06-27 22:30:59 EDT,2022-06-28 21:17:19 EDT,bdh64@pitt.edu,bdh64@pitt.edu,Rana clamitans,,1,
467f0e3d-ff3c-4c65-be51-b4f887cab736,8754e655-4726-4e66-9c9d-bc82d8b2d25b,8754e655-4726-4e66-9c9d-bc82d8b2d25b,1,1,41.71273301226264,-80.39143687327034,POINT (-80.39143687327034 41.71273301226264),2022-06-27 22:32:34 EDT,2022-06-28 21:17:24 EDT,bdh64@pitt.edu,bdh64@pitt.edu,Rana catesbeiana,,1,
b00ad443-a291-4c7e-b0f8-d5b5bc6db653,8754e655-4726-4e66-9c9d-bc82d8b2d25b,8754e655-4726-4e66-9c9d-bc82d8b2d25b,1,1,41.71214504473902,-80.39120925813003,POINT (-80.39120925813003 41.71214504473902),2022-06-27 22:33:24 EDT,2022-06-28 21:17:29 EDT,bdh64@pitt.edu,bdh64@pitt.edu,Rana catesbeiana,,1,
ce99ca5f-5937-434a-bc60-c02ddbd5d6b4,f786309e-6285-4653-9f0d-76060d716963,f786309e-6285-4653-9f0d-76060d716963,1,1,41.69186129656135,-80.50067619133883,POINT (-80.50067619133883 41.69186129656135),2022-07-11 21:41:01 EDT,2022-07-11 21:41:07 EDT,bdh64@pitt.edu,bdh64@pitt.edu,Rana catesbeiana,,1,
f0f70d50-877b-4ef1-9ee7-156d3434b846,f786309e-6285-4653-9f0d-76060d716963,f786309e-6285-4653-9f0d-76060d716963,1,1,41.691835479693836,-80.50071552047969,POINT (-80.50071552047969 41.691835479693836),2022-07-11 21:42:02 EDT,2022-07-11 21:42:07 EDT,bdh64@pitt.edu,bdh64@pitt.edu,Rana catesbeiana,,1,
5aa58a3d-0f64-4e7d-b298-0ef392a86468,f786309e-6285-4653-9f0d-76060d716963,f786309e-6285-4653-9f0d-76060d716963,1,1,41.69185208292218,-80.50073500319291,POINT (-80.50073500319291 41.69185208292218),2022-07-11 21:42:25 EDT,2022-07-11 21:42:31 EDT,bdh64@pitt.edu,bdh64@pitt.edu,Rana clamitans,,1,
fc793ee5-c1f3-420a-91b3-d634a9a737c7,f786309e-6285-4653-9f0d-76060d716963,f786309e-6285-4653-9f0d-76060d716963,1,1,41.691760009137056,-80.5007817567397,POINT (-80.5007817567397 41.691760009137056),2022-07-11 21:44:17 EDT,2022-07-11 21:44:30 EDT,bdh64@pitt.edu,bdh64@pitt.edu,Rana catesbeiana,,4,
570407fa-1f96-4fce-9211-2fd71543028a,f786309e-6285-4653-9f0d-76060d716963,f786309e-6285-4653-9f0d-76060d716963,1,1,41.691756161035464,-80.50077266455457,POINT (-80.50077266455457 41.691756161035464),2022-07-11 21:44:32 EDT,2022-07-11 21:44:38 EDT,bdh64@pitt.edu,bdh64@pitt.edu,Rana clamitans,,1,
46ed69fd-5409-4f62-925d-28f808274a63,f786309e-6285-4653-9f0d-76060d716963,f786309e-6285-4653-9f0d-76060d716963,1,1,41.69136298040854,-80.49943956793982,POINT (-80.49943956793982 41.69136298040854),2022-07-11 21:46:19 EDT,2022-07-11 21:46:30 EDT,bdh64@pitt.edu,bdh64@pitt.edu,Rana clamitans,,2,
2761e26d-809c-457a-ac27-95cfc320b0d8,f786309e-6285-4653-9f0d-76060d716963,f786309e-6285-4653-9f0d-76060d716963,1,1,41.691774145243755,-80.50084961434924,POINT (-80.50084961434924 41.691774145243755),2022-07-11 21:46:43 EDT,2022-07-11 21:46:49 EDT,bdh64@pitt.edu,bdh64@pitt.edu,Rana catesbeiana,,1,
f4e3c6a6-aa13-40a4-bb71-82f78a8417e0,f786309e-6285-4653-9f0d-76060d716963,f786309e-6285-4653-9f0d-76060d716963,1,1,41.69119160828762,-80.49985765291493,POINT (-80.49985765291493 41.69119160828762),2022-07-11 21:48:24 EDT,2022-07-11 21:48:33 EDT,bdh64@pitt.edu,bdh64@pitt.edu,Rana catesbeiana,,2,
4766a378-8e12-4569-8b55-dda5b38c6ae3,f786309e-6285-4653-9f0d-76060d716963,f786309e-6285-4653-9f0d-76060d716963,1,1,41.69176883111415,-80.50105040318886,POINT (-80.50105040318886 41.69176883111415),2022-07-11 21:48:33 EDT,2022-07-11 21:48:40 EDT,bdh64@pitt.edu,bdh64@pitt.edu,Rana clamitans,,1,
fb12c4bc-26eb-423f-af6c-0c20f0e43c23,f786309e-6285-4653-9f0d-76060d716963,f786309e-6285-4653-9f0d-76060d716963,1,1,41.69119489461975,-80.49947183070378,POINT (-80.49947183070378 41.69119489461975),2022-07-11 21:50:11 EDT,2022-07-11 21:50:19 EDT,bdh64@pitt.edu,bdh64@pitt.edu,Rana catesbeiana,,2,
1875fb6e-0011-4142-a33c-5b1b467508a8,f786309e-6285-4653-9f0d-76060d716963,f786309e-6285-4653-9f0d-76060d716963,1,1,41.69172263335143,-80.50097278355804,POINT (-80.50097278355804 41.69172263335143),2022-07-11 21:50:20 EDT,2022-07-11 21:50:24 EDT,bdh64@pitt.edu,bdh64@pitt.edu,Rana clamitans,,1,
d15b70b4-7ae5-41ee-8982-57b00e1c37bf,f786309e-6285-4653-9f0d-76060d716963,f786309e-6285-4653-9f0d-76060d716963,1,1,41.69119099825377,-80.4994618608423,POINT (-80.4994618608423 41.69119099825377),2022-07-11 21:51:24 EDT,2022-07-11 21:51:33 EDT,bdh64@pitt.edu,bdh64@pitt.edu,Rana catesbeiana,,3,
597dc89c-52ca-4cc7-a6bf-5000c3f1e37c,f786309e-6285-4653-9f0d-76060d716963,f786309e-6285-4653-9f0d-76060d716963,1,1,41.69175708804428,-80.50104554162884,POINT (-80.50104554162884 41.69175708804428),2022-07-11 21:51:39 EDT,2022-07-11 21:51:49 EDT,bdh64@pitt.edu,bdh64@pitt.edu,Rana clamitans,,2,
6ded4c84-47e4-4541-983e-92560fc30634,f786309e-6285-4653-9f0d-76060d716963,f786309e-6285-4653-9f0d-76060d716963,1,1,41.69169786098051,-80.5009659360431,POINT (-80.5009659360431 41.69169786098051),2022-07-11 21:52:24 EDT,2022-07-11 21:52:29 EDT,bdh64@pitt.edu,bdh64@pitt.edu,Rana clamitans,,1,
e4414269-3f9d-45d1-a905-1c07fce2775d,f786309e-6285-4653-9f0d-76060d716963,f786309e-6285-4653-9f0d-76060d716963,1,1,41.6911917913628,-80.4998594487123,POINT (-80.4998594487123 41.6911917913628),2022-07-11 21:55:46 EDT,2022-07-11 21:55:51 EDT,bdh64@pitt.edu,bdh64@pitt.edu,Rana clamitans,,1,
7b67bad9-b44f-4b69-81fd-780e70ea98ab,f786309e-6285-4653-9f0d-76060d716963,f786309e-6285-4653-9f0d-76060d716963,1,1,41.691357543989945,-80.49936209332348,POINT (-80.49936209332348 41.691357543989945),2022-07-11 21:57:06 EDT,2022-07-11 21:57:14 EDT,bdh64@pitt.edu,bdh64@pitt.edu,Rana clamitans,,3,
f3eb5f21-6c21-4c73-893b-a1bd770f1774,f786309e-6285-4653-9f0d-76060d716963,f786309e-6285-4653-9f0d-76060d716963,1,1,41.69165036359044,-80.50072893825926,POINT (-80.50072893825926 41.69165036359044),2022-07-11 21:57:15 EDT,2022-07-11 21:57:22 EDT,bdh64@pitt.edu,bdh64@pitt.edu,Rana catesbeiana,,2,
e64223a1-b86f-4e02-8b0a-b1c428d14ea1,f786309e-6285-4653-9f0d-76060d716963,f786309e-6285-4653-9f0d-76060d716963,1,1,41.6914975925483,-80.50049121498367,POINT (-80.50049121498367 41.6914975925483),2022-07-11 21:58:38 EDT,2022-07-11 21:58:50 EDT,bdh64@pitt.edu,bdh64@pitt.edu,Rana clamitans,,4,
fc9f010e-91cb-4dee-bc17-3f47091c73ec,f786309e-6285-4653-9f0d-76060d716963,f786309e-6285-4653-9f0d-76060d716963,1,1,41.69173208173206,-80.50066808950025,POINT (-80.50066808950025 41.69173208173206),2022-07-11 22:00:43 EDT,2022-07-11 22:00:51 EDT,bdh64@pitt.edu,bdh64@pitt.edu,Rana clamitans,,5,
dd70ae3b-23d7-46a0-9458-28a13c092d2d,f786309e-6285-4653-9f0d-76060d716963,f786309e-6285-4653-9f0d-76060d716963,1,1,41.69174494258751,-80.50065000768694,POINT (-80.50065000768694 41.69174494258751),2022-07-11 22:00:53 EDT,2022-07-11 22:00:59 EDT,bdh64@pitt.edu,bdh64@pitt.edu,Rana catesbeiana,,1,
403847c7-27fe-4e2b-b6a4-b7dceddd65f1,f786309e-6285-4653-9f0d-76060d716963,f786309e-6285-4653-9f0d-76060d716963,1,1,41.69177210435635,-80.50076107495353,POINT (-80.50076107495353 41.69177210435635),2022-07-11 22:01:43 EDT,2022-07-11 22:01:51 EDT,bdh64@pitt.edu,bdh64@pitt.edu,Rana clamitans,,2,
2f892afc-4974-497e-8bdb-8e93e418db7b,f786309e-6285-4653-9f0d-76060d716963,f786309e-6285-4653-9f0d-76060d716963,1,1,41.69176892156508,-80.50076276278548,POINT (-80.50076276278548 41.69176892156508),2022-07-11 22:01:51 EDT,2022-07-11 22:01:58 EDT,bdh64@pitt.edu,bdh64@pitt.edu,Rana catesbeiana,,1,
042288ba-c74e-4581-b53e-684925e87c19,0600fea9-7be7-4ef3-afb6-1ab6f55eea8b,0600fea9-7be7-4ef3-afb6-1ab6f55eea8b,1,1,41.69187124240612,-80.5006417526311,POINT (-80.5006417526311 41.69187124240612),2022-07-11 21:40:53 EDT,2022-07-11 21:41:15 EDT,bdh64@pitt.edu,bdh64@pitt.edu,Rana clamitans,,2,
80e53de5-463a-4196-b240-dfee7e6ad355,0600fea9-7be7-4ef3-afb6-1ab6f55eea8b,0600fea9-7be7-4ef3-afb6-1ab6f55eea8b,1,1,41.691861238474004,-80.50066630521027,POINT (-80.50066630521027 41.691861238474004),2022-07-11 21:41:16 EDT,2022-07-11 21:41:20 EDT,bdh64@pitt.edu,bdh64@pitt.edu,Rana catesbeiana,,1,
098f8787-0c82-4447-b08e-a6591ec60eab,0600fea9-7be7-4ef3-afb6-1ab6f55eea8b,0600fea9-7be7-4ef3-afb6-1ab6f55eea8b,1,1,41.69184545269911,-80.50070055213072,POINT (-80.50070055213072 41.69184545269911),2022-07-11 21:41:57 EDT,2022-07-11 21:42:02 EDT,bdh64@pitt.edu,bdh64@pitt.edu,Rana catesbeiana,,1,
ffff1aa7-5e69-41e0-b6ad-8ec172939ae9,0600fea9-7be7-4ef3-afb6-1ab6f55eea8b,0600fea9-7be7-4ef3-afb6-1ab6f55eea8b,1,1,41.69183932990277,-80.50075143101891,POINT (-80.50075143101891 41.69183932990277),2022-07-11 21:42:18 EDT,2022-07-11 21:42:27 EDT,bdh64@pitt.edu,bdh64@pitt.edu,Rana clamitans,,1,
8df020ed-494d-4aa6-a9cf-005fc8cebe7c,0600fea9-7be7-4ef3-afb6-1ab6f55eea8b,0600fea9-7be7-4ef3-afb6-1ab6f55eea8b,1,1,41.69183725492482,-80.5007339760084,POINT (-80.5007339760084 41.69183725492482),2022-07-11 21:42:45 EDT,2022-07-11 21:42:52 EDT,bdh64@pitt.edu,bdh64@pitt.edu,Rana catesbeiana,,2,
62e8b0f7-91e0-4992-b26a-133ba2372295,0600fea9-7be7-4ef3-afb6-1ab6f55eea8b,0600fea9-7be7-4ef3-afb6-1ab6f55eea8b,1,1,41.691797920062704,-80.50080433649967,POINT (-80.50080433649967 41.691797920062704),2022-07-11 21:43:53 EDT,2022-07-11 21:44:04 EDT,bdh64@pitt.edu,bdh64@pitt.edu,Rana catesbeiana,,5,
c44b5d22-4652-4076-b49a-96ac855f4c7c,0600fea9-7be7-4ef3-afb6-1ab6f55eea8b,0600fea9-7be7-4ef3-afb6-1ab6f55eea8b,1,1,41.69178953895884,-80.50078007802725,POINT (-80.50078007802725 41.69178953895884),2022-07-11 21:44:09 EDT,2022-07-11 21:44:17 EDT,bdh64@pitt.edu,bdh64@pitt.edu,Rana clamitans,,1,
16c54bd0-4502-4cba-b70a-9da35c9fa2fc,0600fea9-7be7-4ef3-afb6-1ab6f55eea8b,0600fea9-7be7-4ef3-afb6-1ab6f55eea8b,1,1,41.69177360738698,-80.50077149540013,POINT (-80.50077149540013 41.69177360738698),2022-07-11 21:44:37 EDT,2022-07-11 21:44:46 EDT,bdh64@pitt.edu,bdh64@pitt.edu,Rana catesbeiana,,3,
1842721a-80e3-4f87-813b-de891deb28b8,0600fea9-7be7-4ef3-afb6-1ab6f55eea8b,0600fea9-7be7-4ef3-afb6-1ab6f55eea8b,1,1,41.691780807575554,-80.50092498109444,POINT (-80.50092498109444 41.691780807575554),2022-07-11 21:46:49 EDT,2022-07-11 21:46:58 EDT,bdh64@pitt.edu,bdh64@pitt.edu,Rana catesbeiana,,3,
638f3114-9659-4bb7-bff3-47c342e33c85,0600fea9-7be7-4ef3-afb6-1ab6f55eea8b,0600fea9-7be7-4ef3-afb6-1ab6f55eea8b,1,1,41.69164941391536,-80.50047623702888,POINT (-80.50047623702888 41.69164941391536),2022-07-11 21:47:44 EDT,2022-07-11 21:47:49 EDT,bdh64@pitt.edu,bdh64@pitt.edu,Rana catesbeiana,,4,
dd615e37-2180-4985-83e2-508deb46d370,0600fea9-7be7-4ef3-afb6-1ab6f55eea8b,0600fea9-7be7-4ef3-afb6-1ab6f55eea8b,1,1,41.69168599390888,-80.50092435983336,POINT (-80.50092435983336 41.69168599390888),2022-07-11 21:47:50 EDT,2022-07-11 21:47:59 EDT,bdh64@pitt.edu,bdh64@pitt.edu,Rana clamitans,,2,
b78dae8a-1f41-43f6-8254-ecf667a41a88,0600fea9-7be7-4ef3-afb6-1ab6f55eea8b,0600fea9-7be7-4ef3-afb6-1ab6f55eea8b,1,1,41.691799140584315,-80.50100807356631,POINT (-80.50100807356631 41.691799140584315),2022-07-11 21:48:16 EDT,2022-07-11 21:48:21 EDT,bdh64@pitt.edu,bdh64@pitt.edu,Rana clamitans,,1,
7273913b-56d3-49ca-bbd5-3b1c5954959e,0600fea9-7be7-4ef3-afb6-1ab6f55eea8b,0600fea9-7be7-4ef3-afb6-1ab6f55eea8b,1,1,41.69178374651548,-80.50101773278331,POINT (-80.50101773278331 41.69178374651548),2022-07-11 21:48:39 EDT,2022-07-11 21:48:45 EDT,bdh64@pitt.edu,bdh64@pitt.edu,Rana catesbeiana,,3,
206958fa-0197-4e40-a318-7558d900b35a,0600fea9-7be7-4ef3-afb6-1ab6f55eea8b,0600fea9-7be7-4ef3-afb6-1ab6f55eea8b,1,1,41.691756169956264,-80.50099261850639,POINT (-80.50099261850639 41.691756169956264),2022-07-11 21:49:22 EDT,2022-07-11 21:49:28 EDT,bdh64@pitt.edu,bdh64@pitt.edu,Rana catesbeiana,,2,
253f333d-1231-4f94-ad85-eebcf90546fa,0600fea9-7be7-4ef3-afb6-1ab6f55eea8b,0600fea9-7be7-4ef3-afb6-1ab6f55eea8b,1,1,41.691691482882064,-80.50096232731745,POINT (-80.50096232731745 41.691691482882064),2022-07-11 21:50:14 EDT,2022-07-11 21:50:20 EDT,bdh64@pitt.edu,bdh64@pitt.edu,Rana clamitans,,1,
c6cc333b-0289-4377-8cba-de5526e6c79c,0600fea9-7be7-4ef3-afb6-1ab6f55eea8b,0600fea9-7be7-4ef3-afb6-1ab6f55eea8b,1,1,41.69169903916636,-80.50096120625429,POINT (-80.50096120625429 41.69169903916636),2022-07-11 21:50:21 EDT,2022-07-11 21:50:25 EDT,bdh64@pitt.edu,bdh64@pitt.edu,Rana catesbeiana,,1,
4da45fbd-6126-4ee6-944f-1e8a95183a1f,0600fea9-7be7-4ef3-afb6-1ab6f55eea8b,0600fea9-7be7-4ef3-afb6-1ab6f55eea8b,1,1,41.69167317124375,-80.5009030281901,POINT (-80.5009030281901 41.69167317124375),2022-07-11 21:51:05 EDT,2022-07-11 21:51:12 EDT,bdh64@pitt.edu,bdh64@pitt.edu,Rana catesbeiana,,3,
cc77bb29-1c39-41d6-a87c-7fb1cb7e47a7,0600fea9-7be7-4ef3-afb6-1ab6f55eea8b,0600fea9-7be7-4ef3-afb6-1ab6f55eea8b,1,1,41.691706884582246,-80.50089354596892,POINT (-80.50089354596892 41.691706884582246),2022-07-11 21:51:18 EDT,2022-07-11 21:51:22 EDT,bdh64@pitt.edu,bdh64@pitt.edu,Rana catesbeiana,,1,
09aec046-6646-43af-a3e9-de04a5f52cd5,0600fea9-7be7-4ef3-afb6-1ab6f55eea8b,0600fea9-7be7-4ef3-afb6-1ab6f55eea8b,1,1,41.69165610947342,-80.50085718688408,POINT (-80.50085718688408 41.69165610947342),2022-07-11 21:51:59 EDT,2022-07-11 21:52:03 EDT,bdh64@pitt.edu,bdh64@pitt.edu,Rana catesbeiana,,1,
906b9352-679c-4edb-bfd5-832880af8843,0600fea9-7be7-4ef3-afb6-1ab6f55eea8b,0600fea9-7be7-4ef3-afb6-1ab6f55eea8b,1,1,41.691633520061835,-80.5008413264724,POINT (-80.5008413264724 41.691633520061835),2022-07-11 21:52:19 EDT,2022-07-11 21:52:33 EDT,bdh64@pitt.edu,bdh64@pitt.edu,Rana catesbeiana,,2,
37ad1cdf-ee83-4f9d-96c0-020aa1d39814,0600fea9-7be7-4ef3-afb6-1ab6f55eea8b,0600fea9-7be7-4ef3-afb6-1ab6f55eea8b,1,1,41.69161909626878,-80.5008362962924,POINT (-80.5008362962924 41.69161909626878),2022-07-11 21:52:59 EDT,2022-07-11 21:53:10 EDT,bdh64@pitt.edu,bdh64@pitt.edu,Rana catesbeiana,,2,
ff377738-4d26-4de4-afc8-43b9b7e0b482,0600fea9-7be7-4ef3-afb6-1ab6f55eea8b,0600fea9-7be7-4ef3-afb6-1ab6f55eea8b,1,1,41.691573236189775,-80.50075643894917,POINT (-80.50075643894917 41.691573236189775),2022-07-11 21:54:23 EDT,2022-07-11 21:54:27 EDT,bdh64@pitt.edu,bdh64@pitt.edu,Rana clamitans,,1,
2be9cd05-1552-4bcd-ac61-8bffc095f3fc,0600fea9-7be7-4ef3-afb6-1ab6f55eea8b,0600fea9-7be7-4ef3-afb6-1ab6f55eea8b,1,1,41.69162309418197,-80.50072225448274,POINT (-80.50072225448274 41.69162309418197),2022-07-11 21:54:59 EDT,2022-07-11 21:55:03 EDT,bdh64@pitt.edu,bdh64@pitt.edu,Rana clamitans,,1,
9dccd64c-d8e1-4a2a-98ca-6545ddd29860,0600fea9-7be7-4ef3-afb6-1ab6f55eea8b,0600fea9-7be7-4ef3-afb6-1ab6f55eea8b,1,1,41.69161537011947,-80.50069992981669,POINT (-80.50069992981669 41.69161537011947),2022-07-11 21:55:11 EDT,2022-07-11 21:55:15 EDT,bdh64@pitt.edu,bdh64@pitt.edu,Rana clamitans,,1,
df2c730f-babc-4188-8f94-28fbde32dba2,0600fea9-7be7-4ef3-afb6-1ab6f55eea8b,0600fea9-7be7-4ef3-afb6-1ab6f55eea8b,1,1,41.69162408467127,-80.50069065725413,POINT (-80.50069065725413 41.69162408467127),2022-07-11 21:55:20 EDT,2022-07-11 21:55:24 EDT,bdh64@pitt.edu,bdh64@pitt.edu,Rana clamitans,,1,
2e1142b0-2288-4bb2-b76b-e5f66fc53480,0600fea9-7be7-4ef3-afb6-1ab6f55eea8b,0600fea9-7be7-4ef3-afb6-1ab6f55eea8b,1,1,41.69162128499155,-80.50070627212519,POINT (-80.50070627212519 41.69162128499155),2022-07-11 21:55:33 EDT,2022-07-11 21:55:40 EDT,bdh64@pitt.edu,bdh64@pitt.edu,Rana clamitans,,2,
2c3508de-b460-4d6b-a862-c7a8b2454777,0600fea9-7be7-4ef3-afb6-1ab6f55eea8b,0600fea9-7be7-4ef3-afb6-1ab6f55eea8b,1,1,41.69164904851257,-80.50067813661097,POINT (-80.50067813661097 41.69164904851257),2022-07-11 21:55:55 EDT,2022-07-11 21:55:59 EDT,bdh64@pitt.edu,bdh64@pitt.edu,Rana catesbeiana,,1,
92881bb9-49c4-495c-b7a5-74f868bec68f,0600fea9-7be7-4ef3-afb6-1ab6f55eea8b,0600fea9-7be7-4ef3-afb6-1ab6f55eea8b,1,1,41.69167273785416,-80.5006794445301,POINT (-80.5006794445301 41.69167273785416),2022-07-11 21:56:14 EDT,2022-07-11 21:56:19 EDT,bdh64@pitt.edu,bdh64@pitt.edu,Rana clamitans,,1,
6568d6df-d1bd-4b57-a97a-5e50211a9434,0600fea9-7be7-4ef3-afb6-1ab6f55eea8b,0600fea9-7be7-4ef3-afb6-1ab6f55eea8b,1,1,41.69166437441285,-80.50070283317383,POINT (-80.50070283317383 41.69166437441285),2022-07-11 21:56:20 EDT,2022-07-11 21:56:24 EDT,bdh64@pitt.edu,bdh64@pitt.edu,Rana catesbeiana,,1,
14fdae1a-673e-43e9-8223-84cba757a1c3,0600fea9-7be7-4ef3-afb6-1ab6f55eea8b,0600fea9-7be7-4ef3-afb6-1ab6f55eea8b,1,1,41.691701820026246,-80.50070362897762,POINT (-80.50070362897762 41.691701820026246),2022-07-11 21:56:54 EDT,2022-07-11 21:56:58 EDT,bdh64@pitt.edu,bdh64@pitt.edu,Rana clamitans,,1,
a69f15fa-7418-4944-924f-9b1cd98445ef,0600fea9-7be7-4ef3-afb6-1ab6f55eea8b,0600fea9-7be7-4ef3-afb6-1ab6f55eea8b,1,1,41.691711727248354,-80.5006837893904,POINT (-80.5006837893904 41.691711727248354),2022-07-11 21:57:08 EDT,2022-07-11 21:57:18 EDT,bdh64@pitt.edu,bdh64@pitt.edu,Rana catesbeiana,,1,
ad8655c9-f3eb-44ae-967b-6070217091eb,0600fea9-7be7-4ef3-afb6-1ab6f55eea8b,0600fea9-7be7-4ef3-afb6-1ab6f55eea8b,1,1,41.69170995544007,-80.50065900249211,POINT (-80.50065900249211 41.69170995544007),2022-07-11 21:57:26 EDT,2022-07-11 21:57:30 EDT,bdh64@pitt.edu,bdh64@pitt.edu,Rana clamitans,,1,
fa88e934-7417-4c6c-8bd9-298ef065d234,0600fea9-7be7-4ef3-afb6-1ab6f55eea8b,0600fea9-7be7-4ef3-afb6-1ab6f55eea8b,1,1,41.691708186863764,-80.50066484652378,POINT (-80.50066484652378 41.691708186863764),2022-07-11 21:57:48 EDT,2022-07-11 21:57:55 EDT,bdh64@pitt.edu,bdh64@pitt.edu,Rana clamitans,,2,
a4d0222b-5953-4f16-9f2e-4af79db00672,0600fea9-7be7-4ef3-afb6-1ab6f55eea8b,0600fea9-7be7-4ef3-afb6-1ab6f55eea8b,1,1,41.691714164225914,-80.50067239722584,POINT (-80.50067239722584 41.691714164225914),2022-07-11 21:57:56 EDT,2022-07-11 21:58:00 EDT,bdh64@pitt.edu,bdh64@pitt.edu,Rana catesbeiana,,1,
ce3811ed-6244-44c4-9df2-4ae79d102e66,0600fea9-7be7-4ef3-afb6-1ab6f55eea8b,0600fea9-7be7-4ef3-afb6-1ab6f55eea8b,1,1,41.69172541567524,-80.50068215829192,POINT (-80.50068215829192 41.69172541567524),2022-07-11 21:58:26 EDT,2022-07-11 21:58:36 EDT,bdh64@pitt.edu,bdh64@pitt.edu,Rana clamitans,,2,
27a40efa-0d22-4a32-84ca-14208f658077,0600fea9-7be7-4ef3-afb6-1ab6f55eea8b,0600fea9-7be7-4ef3-afb6-1ab6f55eea8b,1,1,41.69174478525394,-80.50069870245565,POINT (-80.50069870245565 41.69174478525394),2022-07-11 21:59:04 EDT,2022-07-11 21:59:08 EDT,bdh64@pitt.edu,bdh64@pitt.edu,Rana clamitans,,1,
f77708e1-792b-460f-8d07-e51b647ded35,0600fea9-7be7-4ef3-afb6-1ab6f55eea8b,0600fea9-7be7-4ef3-afb6-1ab6f55eea8b,1,1,41.69174591402479,-80.50070102263992,POINT (-80.50070102263992 41.69174591402479),2022-07-11 21:59:09 EDT,2022-07-11 21:59:14 EDT,bdh64@pitt.edu,bdh64@pitt.edu,Rana catesbeiana,,1,
144b5a63-316c-4d15-aaa4-fb324b49d65d,0600fea9-7be7-4ef3-afb6-1ab6f55eea8b,0600fea9-7be7-4ef3-afb6-1ab6f55eea8b,1,1,41.69175918883467,-80.50070866802987,POINT (-80.50070866802987 41.69175918883467),2022-07-11 21:59:23 EDT,2022-07-11 21:59:28 EDT,bdh64@pitt.edu,bdh64@pitt.edu,Rana clamitans,,2,
a52ecca9-139e-4e7e-8822-6a0f740dec5c,0600fea9-7be7-4ef3-afb6-1ab6f55eea8b,0600fea9-7be7-4ef3-afb6-1ab6f55eea8b,1,1,41.69172097672218,-80.50071944972257,POINT (-80.50071944972257 41.69172097672218),2022-07-11 22:00:01 EDT,2022-07-11 22:00:07 EDT,bdh64@pitt.edu,bdh64@pitt.edu,Rana catesbeiana,,2,
61787a20-ad71-4c1f-9ac3-874e90c521b9,0600fea9-7be7-4ef3-afb6-1ab6f55eea8b,0600fea9-7be7-4ef3-afb6-1ab6f55eea8b,1,1,41.69173327389164,-80.50073906559828,POINT (-80.50073906559828 41.69173327389164),2022-07-11 22:00:07 EDT,2022-07-11 22:00:11 EDT,bdh64@pitt.edu,bdh64@pitt.edu,Rana clamitans,,1,
8c80d4aa-1c39-4c1d-813f-034d5d2eab6d,0600fea9-7be7-4ef3-afb6-1ab6f55eea8b,0600fea9-7be7-4ef3-afb6-1ab6f55eea8b,1,1,41.69178181358065,-80.50073514436905,POINT (-80.50073514436905 41.69178181358065),2022-07-11 22:00:36 EDT,2022-07-11 22:00:44 EDT,bdh64@pitt.edu,bdh64@pitt.edu,Rana catesbeiana,,3,
9f4cc200-5398-4f7e-97c3-e23d052b5c88,0600fea9-7be7-4ef3-afb6-1ab6f55eea8b,0600fea9-7be7-4ef3-afb6-1ab6f55eea8b,1,1,41.69178300965363,-80.5007457941792,POINT (-80.5007457941792 41.69178300965363),2022-07-11 22:00:52 EDT,2022-07-11 22:00:57 EDT,bdh64@pitt.edu,bdh64@pitt.edu,Rana clamitans,,1,
6d59e5d8-d5a2-4403-bb0f-c5eb379c9dc2,0600fea9-7be7-4ef3-afb6-1ab6f55eea8b,0600fea9-7be7-4ef3-afb6-1ab6f55eea8b,1,1,41.691213799259934,-80.49936867557606,POINT (-80.49936867557606 41.691213799259934),2022-07-11 22:01:21 EDT,2022-07-11 22:01:26 EDT,bdh64@pitt.edu,bdh64@pitt.edu,Rana clamitans,,1,
2b3b1d5d-02fb-4f63-8291-e0238b6019a7,0600fea9-7be7-4ef3-afb6-1ab6f55eea8b,0600fea9-7be7-4ef3-afb6-1ab6f55eea8b,1,1,41.69174920758673,-80.50075631225444,POINT (-80.50075631225444 41.69174920758673),2022-07-11 22:01:43 EDT,2022-07-11 22:01:47 EDT,bdh64@pitt.edu,bdh64@pitt.edu,Rana catesbeiana,,1,
94a01fbe-36d0-4902-94a1-6f21a101dfc2,9db6c92d-6bfe-46e8-8b40-b964eb231491,9db6c92d-6bfe-46e8-8b40-b964eb231491,1,1,41.691831193310115,-80.50058741723166,POINT (-80.50058741723166 41.691831193310115),2022-07-11 21:41:05 EDT,2022-07-11 21:48:20 EDT,bdh64@pitt.edu,bdh64@pitt.edu,Rana clamitans,,3,Easily over 200 frogs in total. 
b479275a-35e8-42d3-b714-d3120e2b6cdd,9db6c92d-6bfe-46e8-8b40-b964eb231491,9db6c92d-6bfe-46e8-8b40-b964eb231491,1,1,41.69182865797722,-80.50061880486219,POINT (-80.50061880486219 41.69182865797722),2022-07-11 21:42:40 EDT,2022-07-11 21:43:19 EDT,bdh64@pitt.edu,bdh64@pitt.edu,Rana clamitans,,7,
43ee2c01-cbcf-4f7c-a235-267e55a40e30,9db6c92d-6bfe-46e8-8b40-b964eb231491,9db6c92d-6bfe-46e8-8b40-b964eb231491,1,1,41.69181651171436,-80.50063259452418,POINT (-80.50063259452418 41.69181651171436),2022-07-11 21:43:20 EDT,2022-07-11 21:43:26 EDT,bdh64@pitt.edu,bdh64@pitt.edu,Rana catesbeiana,,3,
2e004d94-7847-4564-903f-5d306a9861de,9db6c92d-6bfe-46e8-8b40-b964eb231491,9db6c92d-6bfe-46e8-8b40-b964eb231491,1,1,41.691850658572,-80.50006351426386,POINT (-80.50006351426386 41.691850658572),2022-07-11 21:44:24 EDT,2022-07-11 21:44:29 EDT,bdh64@pitt.edu,bdh64@pitt.edu,Rana clamitans,,1,
4ebf7284-1db4-4e20-9138-0685b6001f03,9db6c92d-6bfe-46e8-8b40-b964eb231491,9db6c92d-6bfe-46e8-8b40-b964eb231491,1,1,41.691857632092336,-80.50071770128261,POINT (-80.50071770128261 41.691857632092336),2022-07-11 21:45:07 EDT,2022-07-11 21:45:12 EDT,bdh64@pitt.edu,bdh64@pitt.edu,Rana catesbeiana,,1,
e0a89409-b084-46e9-846d-36f0d06c370c,9db6c92d-6bfe-46e8-8b40-b964eb231491,9db6c92d-6bfe-46e8-8b40-b964eb231491,1,1,41.691850658572,-80.50006351426386,POINT (-80.50006351426386 41.691850658572),2022-07-11 21:45:44 EDT,2022-07-11 21:45:48 EDT,bdh64@pitt.edu,bdh64@pitt.edu,Rana clamitans,,1,
807da79c-d1c9-4614-813c-24a2a7c576e1,9db6c92d-6bfe-46e8-8b40-b964eb231491,9db6c92d-6bfe-46e8-8b40-b964eb231491,1,1,41.69106946592287,-80.49938706110672,POINT (-80.49938706110672 41.69106946592287),2022-07-11 21:46:42 EDT,2022-07-11 21:47:24 EDT,bdh64@pitt.edu,bdh64@pitt.edu,Rana clamitans,,3,
f2e4b682-5180-4cbe-ba77-1f46a377e25d,9db6c92d-6bfe-46e8-8b40-b964eb231491,9db6c92d-6bfe-46e8-8b40-b964eb231491,1,1,41.69173097822318,-80.50069114044052,POINT (-80.50069114044052 41.69173097822318),2022-07-11 21:48:38 EDT,2022-07-11 21:48:45 EDT,bdh64@pitt.edu,bdh64@pitt.edu,Rana catesbeiana,,9,
1489bba0-2430-4db2-b9dd-7d060ab6ca08,9db6c92d-6bfe-46e8-8b40-b964eb231491,9db6c92d-6bfe-46e8-8b40-b964eb231491,1,1,41.69174273423646,-80.50068249907198,POINT (-80.50068249907198 41.69174273423646),2022-07-11 21:48:46 EDT,2022-07-11 21:49:11 EDT,bdh64@pitt.edu,bdh64@pitt.edu,Rana clamitans,,20,
ca9d97b9-5a61-4a93-87c7-3cab77e2c3ad,9db6c92d-6bfe-46e8-8b40-b964eb231491,9db6c92d-6bfe-46e8-8b40-b964eb231491,1,1,41.69167731604203,-80.50071398579308,POINT (-80.50071398579308 41.69167731604203),2022-07-11 21:50:22 EDT,2022-07-11 21:50:30 EDT,bdh64@pitt.edu,bdh64@pitt.edu,Rana catesbeiana,,10,
3d356ae8-2e9d-4b51-9a96-f59c1f6d061a,9db6c92d-6bfe-46e8-8b40-b964eb231491,9db6c92d-6bfe-46e8-8b40-b964eb231491,1,1,41.69167618065884,-80.50069905622507,POINT (-80.50069905622507 41.69167618065884),2022-07-11 21:50:31 EDT,2022-07-11 21:50:57 EDT,bdh64@pitt.edu,bdh64@pitt.edu,Rana clamitans,,6,
1080fe47-06c4-4e0f-b533-e1ed6cd7f3db,9db6c92d-6bfe-46e8-8b40-b964eb231491,9db6c92d-6bfe-46e8-8b40-b964eb231491,1,1,41.691635167313606,-80.50070882880162,POINT (-80.50070882880162 41.691635167313606),2022-07-11 21:51:40 EDT,2022-07-11 21:52:09 EDT,bdh64@pitt.edu,bdh64@pitt.edu,Rana catesbeiana,,5,
e3b3b004-6603-49f1-a6c8-7cd616b88d5b,9db6c92d-6bfe-46e8-8b40-b964eb231491,9db6c92d-6bfe-46e8-8b40-b964eb231491,1,1,41.69160069651467,-80.50074325220226,POINT (-80.50074325220226 41.69160069651467),2022-07-11 21:52:10 EDT,2022-07-11 21:52:16 EDT,bdh64@pitt.edu,bdh64@pitt.edu,Rana clamitans,,10,
6fc49629-e89d-4268-9b4c-d42f9d739d8f,9db6c92d-6bfe-46e8-8b40-b964eb231491,9db6c92d-6bfe-46e8-8b40-b964eb231491,1,1,41.69155545726045,-80.50081336902498,POINT (-80.50081336902498 41.69155545726045),2022-07-11 21:53:15 EDT,2022-07-11 21:53:47 EDT,bdh64@pitt.edu,bdh64@pitt.edu,Rana catesbeiana,,3,
67a330f0-cac1-41f9-9b05-87466ba92e52,9db6c92d-6bfe-46e8-8b40-b964eb231491,9db6c92d-6bfe-46e8-8b40-b964eb231491,1,1,41.691650966581506,-80.50085967346406,POINT (-80.50085967346406 41.691650966581506),2022-07-11 21:54:30 EDT,2022-07-11 21:54:36 EDT,bdh64@pitt.edu,bdh64@pitt.edu,Rana clamitans,,3,
f644a6d7-1947-4850-b6c5-577733aece3a,9db6c92d-6bfe-46e8-8b40-b964eb231491,9db6c92d-6bfe-46e8-8b40-b964eb231491,1,1,41.69166013433466,-80.50091967566375,POINT (-80.50091967566375 41.69166013433466),2022-07-11 21:55:18 EDT,2022-07-11 21:55:27 EDT,bdh64@pitt.edu,bdh64@pitt.edu,Rana clamitans,,2,
eb6e9ae4-435c-4014-ad35-34d261d5ce37,9db6c92d-6bfe-46e8-8b40-b964eb231491,9db6c92d-6bfe-46e8-8b40-b964eb231491,1,1,41.6916875462165,-80.50095310368302,POINT (-80.50095310368302 41.6916875462165),2022-07-11 21:56:12 EDT,2022-07-11 21:56:18 EDT,bdh64@pitt.edu,bdh64@pitt.edu,Rana clamitans,,2,
f8179559-6717-4d35-8c4f-fd66aa4c0a36,9db6c92d-6bfe-46e8-8b40-b964eb231491,9db6c92d-6bfe-46e8-8b40-b964eb231491,1,1,41.691721352417076,-80.50098292569719,POINT (-80.50098292569719 41.691721352417076),2022-07-11 21:56:43 EDT,2022-07-11 21:56:49 EDT,bdh64@pitt.edu,bdh64@pitt.edu,Rana catesbeiana,,4,
f0a0630a-b7e1-40ab-a77e-c77089e79504,9db6c92d-6bfe-46e8-8b40-b964eb231491,9db6c92d-6bfe-46e8-8b40-b964eb231491,1,1,41.69175127341954,-80.50100972357697,POINT (-80.50100972357697 41.69175127341954),2022-07-11 21:57:07 EDT,2022-07-11 21:57:11 EDT,bdh64@pitt.edu,bdh64@pitt.edu,Rana catesbeiana,,1,
fae18101-ba73-4f42-98d6-29dac4697ba4,9db6c92d-6bfe-46e8-8b40-b964eb231491,9db6c92d-6bfe-46e8-8b40-b964eb231491,1,1,41.69175275345827,-80.50100425641384,POINT (-80.50100425641384 41.69175275345827),2022-07-11 21:57:12 EDT,2022-07-11 21:57:17 EDT,bdh64@pitt.edu,bdh64@pitt.edu,Rana clamitans,,1,
e95372c6-3985-462e-adff-fcf6b60034f6,9db6c92d-6bfe-46e8-8b40-b964eb231491,9db6c92d-6bfe-46e8-8b40-b964eb231491,1,1,41.69175421146789,-80.50101053417853,POINT (-80.50101053417853 41.69175421146789),2022-07-11 21:57:20 EDT,2022-07-11 21:57:26 EDT,bdh64@pitt.edu,bdh64@pitt.edu,Rana clamitans,,3,
36b53c60-6549-496c-8292-7a738117cfd7,9db6c92d-6bfe-46e8-8b40-b964eb231491,9db6c92d-6bfe-46e8-8b40-b964eb231491,1,1,41.69179621949529,-80.50103021878594,POINT (-80.50103021878594 41.69179621949529),2022-07-11 21:57:52 EDT,2022-07-11 21:57:58 EDT,bdh64@pitt.edu,bdh64@pitt.edu,Rana catesbeiana,,5,
722d0fc3-cc66-4462-8824-706576a37617,9db6c92d-6bfe-46e8-8b40-b964eb231491,9db6c92d-6bfe-46e8-8b40-b964eb231491,1,1,41.69180236085516,-80.50104841145416,POINT (-80.50104841145416 41.69180236085516),2022-07-11 21:58:12 EDT,2022-07-11 21:58:22 EDT,bdh64@pitt.edu,bdh64@pitt.edu,Rana clamitans,,3,
b5067a47-d195-4bda-a605-11b0c4a03ba7,9db6c92d-6bfe-46e8-8b40-b964eb231491,9db6c92d-6bfe-46e8-8b40-b964eb231491,1,1,41.69183056188403,-80.50102168911839,POINT (-80.50102168911839 41.69183056188403),2022-07-11 21:58:43 EDT,2022-07-11 21:58:49 EDT,bdh64@pitt.edu,bdh64@pitt.edu,Rana catesbeiana,,5,
cc2e0189-a9a4-46f1-8d7a-ef3d9da00fd3,9db6c92d-6bfe-46e8-8b40-b964eb231491,9db6c92d-6bfe-46e8-8b40-b964eb231491,1,1,41.691839868798446,-80.50099517206476,POINT (-80.50099517206476 41.691839868798446),2022-07-11 21:59:26 EDT,2022-07-11 21:59:34 EDT,bdh64@pitt.edu,bdh64@pitt.edu,Rana clamitans,,5,
e8770d69-6cef-40e2-b3d2-6f17c446c33a,9db6c92d-6bfe-46e8-8b40-b964eb231491,9db6c92d-6bfe-46e8-8b40-b964eb231491,1,1,41.69185506806598,-80.50099378865096,POINT (-80.50099378865096 41.69185506806598),2022-07-11 21:59:36 EDT,2022-07-11 21:59:45 EDT,bdh64@pitt.edu,bdh64@pitt.edu,Rana catesbeiana,,6,
20b1ac08-8e0f-4184-83de-fb363fba4098,9db6c92d-6bfe-46e8-8b40-b964eb231491,9db6c92d-6bfe-46e8-8b40-b964eb231491,1,1,41.69182491675453,-80.50091041496498,POINT (-80.50091041496498 41.69182491675453),2022-07-11 22:00:29 EDT,2022-07-11 22:00:36 EDT,bdh64@pitt.edu,bdh64@pitt.edu,Rana catesbeiana,,5,
9db0bbac-10d5-4aa2-bdab-9a8bd72708b8,9db6c92d-6bfe-46e8-8b40-b964eb231491,9db6c92d-6bfe-46e8-8b40-b964eb231491,1,1,41.69178107573413,-80.50086258567472,POINT (-80.50086258567472 41.69178107573413),2022-07-11 22:01:00 EDT,2022-07-11 22:01:07 EDT,bdh64@pitt.edu,bdh64@pitt.edu,Rana clamitans,,8,
b76850e2-3d55-4533-8afa-6109b64dd22f,9db6c92d-6bfe-46e8-8b40-b964eb231491,9db6c92d-6bfe-46e8-8b40-b964eb231491,1,1,41.69177237884298,-80.50081964307921,POINT (-80.50081964307921 41.69177237884298),2022-07-11 22:01:24 EDT,2022-07-11 22:01:31 EDT,bdh64@pitt.edu,bdh64@pitt.edu,Rana catesbeiana,,3,
fae7a7ab-8395-494a-8074-da2905048adf,9db6c92d-6bfe-46e8-8b40-b964eb231491,9db6c92d-6bfe-46e8-8b40-b964eb231491,1,1,41.69177895002143,-80.50079823251643,POINT (-80.50079823251643 41.69177895002143),2022-07-11 22:01:37 EDT,2022-07-11 22:01:44 EDT,bdh64@pitt.edu,bdh64@pitt.edu,Rana clamitans,,3,
5f63a748-7914-4bc4-b7c6-40f9d2a3f83a,ac2e66df-4767-446d-aea1-a4fb1e892c49,ac2e66df-4767-446d-aea1-a4fb1e892c49,1,1,41.63861683675365,-80.49540626540674,POINT (-80.49540626540674 41.63861683675365),2022-07-18 21:32:27 EDT,2022-07-18 21:34:59 EDT,bdh64@pitt.edu,bdh64@pitt.edu,Rana clamitans,,1,
db17b407-6f3b-4f57-adb3-509e9ef077e8,ac2e66df-4767-446d-aea1-a4fb1e892c49,ac2e66df-4767-446d-aea1-a4fb1e892c49,1,1,41.638493432485866,-80.49551840228644,POINT (-80.49551840228644 41.638493432485866),2022-07-18 21:34:59 EDT,2022-07-18 21:36:52 EDT,bdh64@pitt.edu,bdh64@pitt.edu,Rana catesbeiana,,1,
b69408b4-6a3d-42fa-9552-200bd2059cb3,ac2e66df-4767-446d-aea1-a4fb1e892c49,ac2e66df-4767-446d-aea1-a4fb1e892c49,1,1,41.63840960524203,-80.49564086103787,POINT (-80.49564086103787 41.63840960524203),2022-07-18 21:36:53 EDT,2022-07-18 21:37:51 EDT,bdh64@pitt.edu,bdh64@pitt.edu,Rana catesbeiana,,3,
e37f6895-7a93-4514-9440-b0735e39eb64,ac2e66df-4767-446d-aea1-a4fb1e892c49,ac2e66df-4767-446d-aea1-a4fb1e892c49,1,1,41.638414554029936,-80.4956511531166,POINT (-80.4956511531166 41.638414554029936),2022-07-18 21:37:52 EDT,2022-07-18 21:40:58 EDT,bdh64@pitt.edu,bdh64@pitt.edu,Rana clamitans,,1,
a51b3f22-bdaa-400b-b6a3-ff8946fa29bb,ac2e66df-4767-446d-aea1-a4fb1e892c49,ac2e66df-4767-446d-aea1-a4fb1e892c49,1,1,41.63838635051759,-80.49563183732766,POINT (-80.49563183732766 41.63838635051759),2022-07-18 21:38:17 EDT,2022-07-18 21:38:22 EDT,bdh64@pitt.edu,bdh64@pitt.edu,Rana catesbeiana,,1,
218982d9-b94e-4e66-bc48-59018b171732,ac2e66df-4767-446d-aea1-a4fb1e892c49,ac2e66df-4767-446d-aea1-a4fb1e892c49,1,1,41.63839053446672,-80.49564537635575,POINT (-80.49564537635575 41.63839053446672),2022-07-18 21:38:50 EDT,2022-07-18 21:39:04 EDT,bdh64@pitt.edu,bdh64@pitt.edu,Rana clamitans,,1,
cf2f5f27-966e-4fec-9092-87c4e665af98,ac2e66df-4767-446d-aea1-a4fb1e892c49,ac2e66df-4767-446d-aea1-a4fb1e892c49,1,1,41.638331294363134,-80.49564284193787,POINT (-80.49564284193787 41.638331294363134),2022-07-18 21:40:58 EDT,2022-07-18 21:42:26 EDT,bdh64@pitt.edu,bdh64@pitt.edu,Rana clamitans,,6,
ff7c4b98-09ff-42d0-8d1a-08b36bbe4e3d,ac2e66df-4767-446d-aea1-a4fb1e892c49,ac2e66df-4767-446d-aea1-a4fb1e892c49,1,1,41.63830454872342,-80.49564864806342,POINT (-80.49564864806342 41.63830454872342),2022-07-18 21:41:21 EDT,2022-07-18 21:41:28 EDT,bdh64@pitt.edu,bdh64@pitt.edu,Rana clamitans,,1,
7c29bd11-d15d-46de-a0b0-3b989026570d,ac2e66df-4767-446d-aea1-a4fb1e892c49,ac2e66df-4767-446d-aea1-a4fb1e892c49,1,1,41.63828420007198,-80.49564512903432,POINT (-80.49564512903432 41.63828420007198),2022-07-18 21:41:34 EDT,2022-07-18 21:41:59 EDT,bdh64@pitt.edu,bdh64@pitt.edu,Rana clamitans,,3,
da1dbde9-c530-4900-9c3b-8630307c825a,ac2e66df-4767-446d-aea1-a4fb1e892c49,ac2e66df-4767-446d-aea1-a4fb1e892c49,1,1,41.63827359963058,-80.49564355147947,POINT (-80.49564355147947 41.63827359963058),2022-07-18 21:42:27 EDT,2022-07-18 21:43:06 EDT,bdh64@pitt.edu,bdh64@pitt.edu,Rana clamitans,,2,
905b86f6-0e2c-4489-83b1-f6a0f4075584,ac2e66df-4767-446d-aea1-a4fb1e892c49,ac2e66df-4767-446d-aea1-a4fb1e892c49,1,1,41.63833653303144,-80.49572188953118,POINT (-80.49572188953118 41.63833653303144),2022-07-18 21:43:43 EDT,2022-07-18 21:43:49 EDT,bdh64@pitt.edu,bdh64@pitt.edu,Rana clamitans,,3,
8dc98bcb-8fdf-4ca1-95ae-7f62ca07d519,ac2e66df-4767-446d-aea1-a4fb1e892c49,ac2e66df-4767-446d-aea1-a4fb1e892c49,1,1,41.638345862022675,-80.4956829775747,POINT (-80.4956829775747 41.638345862022675),2022-07-18 21:44:59 EDT,2022-07-18 21:45:19 EDT,bdh64@pitt.edu,bdh64@pitt.edu,Rana clamitans,,3,
57adbe1a-7a74-42dd-90aa-cc12c033359e,ac2e66df-4767-446d-aea1-a4fb1e892c49,ac2e66df-4767-446d-aea1-a4fb1e892c49,1,1,41.638362739837106,-80.49574320965593,POINT (-80.49574320965593 41.638362739837106),2022-07-18 21:46:12 EDT,2022-07-18 21:46:19 EDT,bdh64@pitt.edu,bdh64@pitt.edu,Rana clamitans,,1,
3515a3bd-b9c9-4419-bb84-2a7f1943a1d2,ac2e66df-4767-446d-aea1-a4fb1e892c49,ac2e66df-4767-446d-aea1-a4fb1e892c49,1,1,41.63841646365006,-80.49575456528409,POINT (-80.49575456528409 41.63841646365006),2022-07-18 21:46:20 EDT,2022-07-18 21:46:58 EDT,bdh64@pitt.edu,bdh64@pitt.edu,Rana catesbeiana,,4,
7b17e7b0-b31d-4b74-8f3e-7116d57b1184,ac2e66df-4767-446d-aea1-a4fb1e892c49,ac2e66df-4767-446d-aea1-a4fb1e892c49,1,1,41.638394145013955,-80.49573867475681,POINT (-80.49573867475681 41.638394145013955),2022-07-18 21:47:01 EDT,2022-07-18 21:47:32 EDT,bdh64@pitt.edu,bdh64@pitt.edu,Rana catesbeiana,,2,
18ec3e8c-8d0e-45e9-a508-b4549752c84c,ac2e66df-4767-446d-aea1-a4fb1e892c49,ac2e66df-4767-446d-aea1-a4fb1e892c49,1,1,41.63840344367938,-80.49571091522753,POINT (-80.49571091522753 41.63840344367938),2022-07-18 21:47:34 EDT,2022-07-18 21:48:38 EDT,bdh64@pitt.edu,bdh64@pitt.edu,Rana catesbeiana,,4,
f88edd0d-8424-4836-b7b1-8ef73c849697,ac2e66df-4767-446d-aea1-a4fb1e892c49,ac2e66df-4767-446d-aea1-a4fb1e892c49,1,1,41.638380375963536,-80.49579593053268,POINT (-80.49579593053268 41.638380375963536),2022-07-18 21:49:00 EDT,2022-07-18 21:49:12 EDT,bdh64@pitt.edu,bdh64@pitt.edu,Rana catesbeiana,,3,
658e7938-e135-4730-ad18-114d3ccb687b,ac2e66df-4767-446d-aea1-a4fb1e892c49,ac2e66df-4767-446d-aea1-a4fb1e892c49,1,1,41.63841874444712,-80.49577396694764,POINT (-80.49577396694764 41.63841874444712),2022-07-18 21:49:24 EDT,2022-07-18 21:49:29 EDT,bdh64@pitt.edu,bdh64@pitt.edu,Rana clamitans,,1,
09d4cd82-278b-4d01-874a-5560aa70788f,ac2e66df-4767-446d-aea1-a4fb1e892c49,ac2e66df-4767-446d-aea1-a4fb1e892c49,1,1,41.63841275934889,-80.49576641381529,POINT (-80.49576641381529 41.63841275934889),2022-07-18 21:49:30 EDT,2022-07-18 21:49:49 EDT,bdh64@pitt.edu,bdh64@pitt.edu,Rana catesbeiana,,2,
7f01c26f-5e87-4e7f-ba5b-ff27a1272c43,ac2e66df-4767-446d-aea1-a4fb1e892c49,ac2e66df-4767-446d-aea1-a4fb1e892c49,1,1,41.63843231683852,-80.49579642436295,POINT (-80.49579642436295 41.63843231683852),2022-07-18 21:50:12 EDT,2022-07-18 21:50:18 EDT,bdh64@pitt.edu,bdh64@pitt.edu,Rana catesbeiana,,5,
6646f815-cd73-482a-816c-c9a27f9239a0,ac2e66df-4767-446d-aea1-a4fb1e892c49,ac2e66df-4767-446d-aea1-a4fb1e892c49,1,1,41.63841096113489,-80.49581321981745,POINT (-80.49581321981745 41.63841096113489),2022-07-18 21:50:51 EDT,2022-07-18 21:50:57 EDT,bdh64@pitt.edu,bdh64@pitt.edu,Rana catesbeiana,,2,
4aa7a0d1-b769-4f04-bf3c-f3629589f3ad,ac2e66df-4767-446d-aea1-a4fb1e892c49,ac2e66df-4767-446d-aea1-a4fb1e892c49,1,1,41.638400010036854,-80.49581979109973,POINT (-80.49581979109973 41.638400010036854),2022-07-18 21:51:18 EDT,2022-07-18 21:51:27 EDT,bdh64@pitt.edu,bdh64@pitt.edu,Rana catesbeiana,,7,
