fulcrum_id,created_at,updated_at,created_by,updated_by,system_created_at,system_updated_at,version,change_type,status,project,assigned_to,latitude,longitude,geometry,changeset_id,location,species,capture_date,cmr_id,cmr_id_other,gps_altitude,gps_horizontal_accuracy,gps_vertical_accuracy,gps_speed,gps_course
df3838e6-814c-4c39-92f5-483b75950e99,2022-05-04 17:20:17 UTC,2022-05-04 17:20:47 UTC,bdh64@pitt.edu,bdh64@pitt.edu,2022-05-04 17:24:12 UTC,2022-05-04 17:24:12 UTC,1,create,,,,41.62196009788368,-80.45434272000684,POINT (-80.45434272000684 41.62196009788368),9009dc05-97a9-4eb1-b5c5-99102c87af0a,,,2022-05-04,,,310.81839137058705,5.4490318389571115,2.783806640326813,0.26542869976435124,-1.0
09ac9d5e-d6f3-40ef-90fc-415c42b79035,2022-05-04 17:29:07 UTC,2022-05-04 17:29:16 UTC,bdh64@pitt.edu,bdh64@pitt.edu,2022-05-04 17:31:53 UTC,2022-05-04 17:31:53 UTC,1,create,,,,41.6219496637869,-80.4545879044989,POINT (-80.4545879044989 41.6219496637869),ba702412-e7ea-4e59-8244-6a7de4d6d55f,,,2022-05-04,,,314.15130615234375,35.0,3.479907274246216,-1.0,-1.0
09ac9d5e-d6f3-40ef-90fc-415c42b79035,2022-05-04 17:29:07 UTC,2022-05-04 17:29:16 UTC,bdh64@pitt.edu,bdh64@pitt.edu,2022-05-04 17:31:53 UTC,2022-05-04 17:33:10 UTC,2,delete,,,,41.6219496637869,-80.4545879044989,POINT (-80.4545879044989 41.6219496637869),81ea7dba-96e8-46b6-b74e-c856e7624eb2,,,2022-05-04,,,314.15130615234375,35.0,3.479907274246216,-1.0,-1.0
df3838e6-814c-4c39-92f5-483b75950e99,2022-05-04 17:20:17 UTC,2022-05-04 17:20:47 UTC,bdh64@pitt.edu,bdh64@pitt.edu,2022-05-04 17:24:12 UTC,2022-05-04 17:33:13 UTC,2,delete,,,,41.62196009788368,-80.45434272000684,POINT (-80.45434272000684 41.62196009788368),561a92db-8358-4e71-ac0b-c18d4291f2a8,,,2022-05-04,,,310.81839137058705,5.4490318389571115,2.783806640326813,0.26542869976435124,-1.0
63f99fee-b084-4156-94cc-d1bc21ca8f84,2022-05-04 17:37:31 UTC,2022-05-04 17:37:52 UTC,bdh64@pitt.edu,bdh64@pitt.edu,2022-05-04 17:39:20 UTC,2022-05-04 17:39:20 UTC,1,create,,,,41.62193519186799,-80.45435674693576,POINT (-80.45435674693576 41.62193519186799),dc5190b2-9bd9-49fd-b652-7f503236b8d8,,,2022-05-04,,,310.5344137074426,5.1499375644311485,2.7023471492851945,0.0,254.89816228445767
bcbe47cf-4258-4fea-8262-d40875463aed,2022-05-04 17:38:23 UTC,2022-05-04 17:38:30 UTC,bdh64@pitt.edu,bdh64@pitt.edu,2022-05-04 17:39:21 UTC,2022-05-04 17:39:21 UTC,1,create,,,,41.6219614961827,-80.45429151634359,POINT (-80.45429151634359 41.6219614961827),dc5190b2-9bd9-49fd-b652-7f503236b8d8,,,2022-05-04,,,310.98685583192855,5.653636110805964,2.4575919888790376,0.0,265.20721904193
c1dbb01a-7812-4964-b4cb-3c37559f62ee,2022-05-04 17:38:58 UTC,2022-05-04 17:39:02 UTC,bdh64@pitt.edu,bdh64@pitt.edu,2022-05-04 17:39:21 UTC,2022-05-04 17:39:21 UTC,1,create,,,,41.62194060301011,-80.45436963688553,POINT (-80.45436963688553 41.62194060301011),dc5190b2-9bd9-49fd-b652-7f503236b8d8,,,2022-05-04,,,310.71993004065007,6.280479350677353,2.0225159895978777,0.0,72.40317103210067
acce3415-fa63-47c9-a110-ffd9c4a5b1a4,2022-05-04 17:40:43 UTC,2022-05-04 17:40:47 UTC,bdh64@pitt.edu,bdh64@pitt.edu,2022-05-04 17:41:43 UTC,2022-05-04 17:41:43 UTC,1,create,,,,41.621956211441585,-80.45426912181306,POINT (-80.45426912181306 41.621956211441585),4f8f1a02-f5b0-46d6-a8a8-a427823c558a,,,2022-05-04,,,310.88335828017443,4.994751804475565,2.9794280398218915,0.0,226.55219523366495
caf3adf6-31e6-44fe-a658-f417350dd810,2022-05-04 17:41:20 UTC,2022-05-04 17:41:25 UTC,bdh64@pitt.edu,bdh64@pitt.edu,2022-05-04 17:41:44 UTC,2022-05-04 17:41:44 UTC,1,create,,,,41.62197337847666,-80.45420189716418,POINT (-80.45420189716418 41.62197337847666),4f8f1a02-f5b0-46d6-a8a8-a427823c558a,,,2022-05-04,,,310.90414254553616,5.063408345946129,2.8611943231790327,0.0,-1.0
caf3adf6-31e6-44fe-a658-f417350dd810,2022-05-04 17:41:20 UTC,2022-05-04 17:41:25 UTC,bdh64@pitt.edu,bdh64@pitt.edu,2022-05-04 17:41:44 UTC,2022-05-04 17:46:19 UTC,2,delete,,,,41.62197337847666,-80.45420189716418,POINT (-80.45420189716418 41.62197337847666),0834a45e-1a9f-4d8e-b748-5d079460c77d,,,2022-05-04,,,310.90414254553616,5.063408345946129,2.8611943231790327,0.0,-1.0
63f99fee-b084-4156-94cc-d1bc21ca8f84,2022-05-04 17:37:31 UTC,2022-05-04 17:37:52 UTC,bdh64@pitt.edu,bdh64@pitt.edu,2022-05-04 17:39:20 UTC,2022-05-04 17:46:23 UTC,2,delete,,,,41.62193519186799,-80.45435674693576,POINT (-80.45435674693576 41.62193519186799),a08193ba-bd7d-4589-ad45-9a60dcffd4e0,,,2022-05-04,,,310.5344137074426,5.1499375644311485,2.7023471492851945,0.0,254.89816228445767
bcbe47cf-4258-4fea-8262-d40875463aed,2022-05-04 17:38:23 UTC,2022-05-04 17:38:30 UTC,bdh64@pitt.edu,bdh64@pitt.edu,2022-05-04 17:39:21 UTC,2022-05-04 17:46:25 UTC,2,delete,,,,41.6219614961827,-80.45429151634359,POINT (-80.45429151634359 41.6219614961827),1cd35982-71f4-4273-99f9-cdd145fc8cd1,,,2022-05-04,,,310.98685583192855,5.653636110805964,2.4575919888790376,0.0,265.20721904193
c1dbb01a-7812-4964-b4cb-3c37559f62ee,2022-05-04 17:38:58 UTC,2022-05-04 17:39:02 UTC,bdh64@pitt.edu,bdh64@pitt.edu,2022-05-04 17:39:21 UTC,2022-05-04 17:46:28 UTC,2,delete,,,,41.62194060301011,-80.45436963688553,POINT (-80.45436963688553 41.62194060301011),829925f7-0b92-4fc5-a1d0-326d66c22bb9,,,2022-05-04,,,310.71993004065007,6.280479350677353,2.0225159895978777,0.0,72.40317103210067
acce3415-fa63-47c9-a110-ffd9c4a5b1a4,2022-05-04 17:40:43 UTC,2022-05-04 17:40:47 UTC,bdh64@pitt.edu,bdh64@pitt.edu,2022-05-04 17:41:43 UTC,2022-05-04 17:46:31 UTC,2,delete,,,,41.621956211441585,-80.45426912181306,POINT (-80.45426912181306 41.621956211441585),248427bc-9dc2-428d-a2e1-50a1fec6dd48,,,2022-05-04,,,310.88335828017443,4.994751804475565,2.9794280398218915,0.0,226.55219523366495
9c68adc1-45dc-4600-99cf-96a5728b6e8e,2022-05-04 19:35:28 UTC,2022-05-04 19:35:37 UTC,bdh64@pitt.edu,bdh64@pitt.edu,2022-05-05 16:11:30 UTC,2022-05-05 16:11:30 UTC,1,create,,,,41.5708753,-80.4558144,POINT (-80.4558144 41.5708753),bb2d570d-2ad3-40fb-a547-8d1202e31a4f,,,2022-05-04,,,353.75429538032864,11.225,,,0.0
9c68adc1-45dc-4600-99cf-96a5728b6e8e,2022-05-04 19:35:28 UTC,2022-05-04 19:35:37 UTC,bdh64@pitt.edu,bdh64@pitt.edu,2022-05-05 16:11:30 UTC,2022-05-05 16:42:31 UTC,2,delete,,,,41.5708753,-80.4558144,POINT (-80.4558144 41.5708753),40f3d424-8f34-41b5-bc15-b5013c3b9a7c,,,2022-05-04,,,353.75429538032864,11.225,,,0.0
78690712-b6ca-449e-b056-8b7cced70efc,2022-05-05 17:02:56 UTC,2022-05-05 17:03:02 UTC,bdh64@pitt.edu,bdh64@pitt.edu,2022-05-10 16:28:42 UTC,2022-05-10 16:28:42 UTC,1,create,,,,41.62197618271828,-80.45438083114375,POINT (-80.45438083114375 41.62197618271828),0047cf58-823c-4795-90a1-1da8f176a975,,,2022-05-05,,,310.84739709366113,8.247399028456549,0.9955418807087746,0.33152035915682737,-1.0
78690712-b6ca-449e-b056-8b7cced70efc,2022-05-05 17:02:56 UTC,2022-05-05 17:03:02 UTC,bdh64@pitt.edu,bdh64@pitt.edu,2022-05-10 16:28:42 UTC,2022-05-10 16:29:09 UTC,2,delete,,,,41.62197618271828,-80.45438083114375,POINT (-80.45438083114375 41.62197618271828),be3f7b54-f05b-4b82-9764-4e8755578c47,,,2022-05-05,,,310.84739709366113,8.247399028456549,0.9955418807087746,0.33152035915682737,-1.0
9278a4a4-7e7e-4b2c-925b-8fe6459369e4,2022-05-18 23:16:38 UTC,2022-05-18 23:16:44 UTC,bdh64@pitt.edu,bdh64@pitt.edu,2022-05-18 23:17:43 UTC,2022-05-18 23:17:43 UTC,1,create,,,,41.62175141812366,-80.45466931725682,POINT (-80.45466931725682 41.62175141812366),09c643f8-33c0-43c6-a463-7111b24f3496,Admin Pond,Rana catesbeiana,2022-05-18,A2,,311.43372893333435,5.028962677969819,2.921313303357835,0.0,-1.0
79bcecb9-febd-4a36-af00-ca03aa68504d,2022-05-18 23:17:20 UTC,2022-05-18 23:17:27 UTC,bdh64@pitt.edu,bdh64@pitt.edu,2022-05-18 23:17:43 UTC,2022-05-18 23:17:43 UTC,1,create,,,,41.621825884569766,-80.4547380572266,POINT (-80.4547380572266 41.621825884569766),09c643f8-33c0-43c6-a463-7111b24f3496,Admin Pond,Rana catesbeiana,2022-05-18,A2,,311.2124804230407,4.931761792824436,3.0825740301939124,0.0,-1.0
79bcecb9-febd-4a36-af00-ca03aa68504d,2022-05-18 23:17:20 UTC,2022-05-18 23:17:27 UTC,bdh64@pitt.edu,bdh64@pitt.edu,2022-05-18 23:17:43 UTC,2022-05-18 23:18:02 UTC,2,delete,,,,41.621825884569766,-80.4547380572266,POINT (-80.4547380572266 41.621825884569766),a261f3dc-fa12-40cb-88ea-0af251e2bcc9,Admin Pond,Rana catesbeiana,2022-05-18,A2,,311.2124804230407,4.931761792824436,3.0825740301939124,0.0,-1.0
9278a4a4-7e7e-4b2c-925b-8fe6459369e4,2022-05-18 23:16:38 UTC,2022-05-18 23:16:44 UTC,bdh64@pitt.edu,bdh64@pitt.edu,2022-05-18 23:17:43 UTC,2022-05-18 23:18:05 UTC,2,delete,,,,41.62175141812366,-80.45466931725682,POINT (-80.45466931725682 41.62175141812366),e0297bd7-b7a9-46ca-ad83-08c6b6cdb486,Admin Pond,Rana catesbeiana,2022-05-18,A2,,311.43372893333435,5.028962677969819,2.921313303357835,0.0,-1.0
dff652e3-3d5a-4f8e-9ac3-825f7a3b0727,2022-05-18 23:21:04 UTC,2022-05-18 23:21:10 UTC,bdh64@pitt.edu,bdh64@pitt.edu,2022-05-19 21:40:29 UTC,2022-05-19 21:40:29 UTC,1,create,,,,41.621667920073655,-80.45493861810469,POINT (-80.45493861810469 41.621667920073655),dc70409e-8c11-4e1a-b76d-b4bca0387286,Admin Pond,Rana catesbeiana,2022-05-18,A2,,312.4843545211479,24.663107918760446,7.491556663378022,1.0009956359863155,208.89291556358387
a28a0a3f-9ded-4d9e-a94b-e193f55322b7,2022-05-19 03:38:45 UTC,2022-05-19 03:44:47 UTC,bdh64@pitt.edu,bdh64@pitt.edu,2022-05-20 00:00:19 UTC,2022-05-20 00:00:19 UTC,1,create,,,,41.6419047,-80.427984,POINT (-80.427984 41.6419047),2bd108ab-1a31-4e53-9a63-d8fc5fd51751,Admin Pond,Rana catesbeiana,2022-05-18,A2,,282.3999938964844,4.866,,,157.1323
b8dab5e4-b042-46a0-8915-b4a2b5a7cc0b,2022-05-19 06:55:19 UTC,2022-05-19 07:03:05 UTC,bdh64@pitt.edu,bdh64@pitt.edu,2022-05-20 00:00:20 UTC,2022-05-20 00:00:20 UTC,1,create,,,,41.642015,-80.4280501,POINT (-80.4280501 41.642015),2bd108ab-1a31-4e53-9a63-d8fc5fd51751,Admin Pond,Rana catesbeiana,2022-05-18,A3,,282.3999938964844,1.716,,,179.94417
d57d7e3a-13e8-420b-8225-605cdd83c87c,2022-05-19 07:03:56 UTC,2022-05-19 07:08:23 UTC,bdh64@pitt.edu,bdh64@pitt.edu,2022-05-20 00:00:20 UTC,2022-05-20 00:00:20 UTC,1,create,,,,41.64193,-80.4280983,POINT (-80.4280983 41.64193),2bd108ab-1a31-4e53-9a63-d8fc5fd51751,Admin Pond,Rana catesbeiana,2022-05-18,A4,,282.3999938964844,2.383,,,180.13939
dd43bef5-85d3-4ccc-b614-4a86ce80b0c4,2022-05-19 07:09:20 UTC,2022-05-19 07:13:48 UTC,bdh64@pitt.edu,bdh64@pitt.edu,2022-05-20 00:00:20 UTC,2022-05-20 00:00:20 UTC,1,create,,,,41.6418888,-80.4281148,POINT (-80.4281148 41.6418888),2bd108ab-1a31-4e53-9a63-d8fc5fd51751,Admin Pond,Rana catesbeiana,2022-05-18,B2B3,,282.3999938964844,8.68,,,16.563814
2ff33a28-b8b2-4bbe-9e47-b6e9e398ec10,2022-05-19 07:14:44 UTC,2022-05-19 07:16:48 UTC,bdh64@pitt.edu,bdh64@pitt.edu,2022-05-20 00:00:21 UTC,2022-05-20 00:00:21 UTC,1,create,,,,41.6419767,-80.4281067,POINT (-80.4281067 41.6419767),2bd108ab-1a31-4e53-9a63-d8fc5fd51751,Admin Pond,Rana catesbeiana,2022-05-18,B2,,282.3999938964844,1.6,,,63.644764
49e58964-2321-4f44-b73c-e5175ae1b952,2022-05-19 07:16:57 UTC,2022-05-19 07:19:14 UTC,bdh64@pitt.edu,bdh64@pitt.edu,2022-05-20 00:00:21 UTC,2022-05-20 00:00:21 UTC,1,create,,,,41.6419332,-80.4280603,POINT (-80.4280603 41.6419332),2bd108ab-1a31-4e53-9a63-d8fc5fd51751,Admin Pond,Rana catesbeiana,2022-05-18,B3,,282.3999938964844,1.98,,,298.19553
30dd0083-d964-449f-826c-06be424e5dcc,2022-05-19 07:20:37 UTC,2022-05-19 07:22:00 UTC,bdh64@pitt.edu,bdh64@pitt.edu,2022-05-20 00:00:21 UTC,2022-05-20 00:00:21 UTC,1,create,,,,41.641997,-80.4279973,POINT (-80.4279973 41.641997),2bd108ab-1a31-4e53-9a63-d8fc5fd51751,Admin Pond,Rana catesbeiana,2022-05-18,B4,,282.3999938964844,7.661,,,36.43672
f45dd78d-7a41-453a-8e4d-9026756900cc,2022-05-19 07:23:16 UTC,2022-05-19 07:25:39 UTC,bdh64@pitt.edu,bdh64@pitt.edu,2022-05-20 00:00:21 UTC,2022-05-20 00:00:21 UTC,1,create,,,,41.6419217,-80.4280052,POINT (-80.4280052 41.6419217),2bd108ab-1a31-4e53-9a63-d8fc5fd51751,Admin Pond,Rana catesbeiana,2022-05-18,A2A3,,282.3999938964844,3.5,,,206.8679
f5e9f600-3eac-4b65-9857-f80710fc8c49,2022-05-19 07:25:48 UTC,2022-05-19 07:29:30 UTC,bdh64@pitt.edu,bdh64@pitt.edu,2022-05-20 00:00:22 UTC,2022-05-20 00:00:22 UTC,1,create,,,,41.6418822,-80.4279342,POINT (-80.4279342 41.6418822),2bd108ab-1a31-4e53-9a63-d8fc5fd51751,Admin Pond,Rana catesbeiana,2022-05-18,A2A4,,282.3999938964844,2.3,,,172.78357
e3a5765a-8785-4564-bd2a-129ecb7e7dc2,2022-05-19 07:29:38 UTC,2022-05-19 07:33:11 UTC,bdh64@pitt.edu,bdh64@pitt.edu,2022-05-20 00:00:22 UTC,2022-05-20 00:00:22 UTC,1,create,,,,41.6419606,-80.4280572,POINT (-80.4280572 41.6419606),2bd108ab-1a31-4e53-9a63-d8fc5fd51751,Admin Pond,Rana catesbeiana,2022-05-18,A3A4,,282.3999938964844,2.12,,,58.31256
12eeb9b5-5aee-49c2-8d99-42b48c982ad5,2022-05-19 07:33:20 UTC,2022-05-19 07:35:56 UTC,bdh64@pitt.edu,bdh64@pitt.edu,2022-05-20 00:00:23 UTC,2022-05-20 00:00:23 UTC,1,create,,,,41.6418886,-80.4280761,POINT (-80.4280761 41.6418886),2bd108ab-1a31-4e53-9a63-d8fc5fd51751,Admin Pond,Rana catesbeiana,2022-05-18,A2B2,,282.3999938964844,2.14,,,301.02148
fe0cc5f7-d57b-4b63-b95b-d0fd4bb44855,2022-05-19 07:36:05 UTC,2022-05-19 07:41:07 UTC,bdh64@pitt.edu,bdh64@pitt.edu,2022-05-20 00:00:23 UTC,2022-05-20 00:00:23 UTC,1,create,,,,41.6418945,-80.4280879,POINT (-80.4280879 41.6418945),2bd108ab-1a31-4e53-9a63-d8fc5fd51751,Admin Pond,Rana catesbeiana,2022-05-18,A2B3,,282.3999938964844,2.1,,,20.122458
fc52842b-d6d4-4f9b-8d57-8dfa8742b200,2022-05-19 07:41:15 UTC,2022-05-19 07:45:13 UTC,bdh64@pitt.edu,bdh64@pitt.edu,2022-05-20 00:00:23 UTC,2022-05-20 00:00:23 UTC,1,create,,,,41.6419619,-80.4280823,POINT (-80.4280823 41.6419619),2bd108ab-1a31-4e53-9a63-d8fc5fd51751,Admin Pond,Rana catesbeiana,2022-05-18,A2B4,,282.3999938964844,2.025,,,99.02758
a768ee4f-560b-4bd6-b6a3-45fe6c52ffaf,2022-05-19 07:45:22 UTC,2022-05-19 07:48:15 UTC,bdh64@pitt.edu,bdh64@pitt.edu,2022-05-20 00:00:23 UTC,2022-05-20 00:00:23 UTC,1,create,,,,41.6419048,-80.4280011,POINT (-80.4280011 41.6419048),2bd108ab-1a31-4e53-9a63-d8fc5fd51751,Admin Pond,Rana catesbeiana,2022-05-18,A3B2,,282.3999938964844,2.22,,,172.711
93ed65c4-470f-41b4-86a3-ef532595a753,2022-05-19 07:48:23 UTC,2022-05-19 07:51:51 UTC,bdh64@pitt.edu,bdh64@pitt.edu,2022-05-20 00:00:23 UTC,2022-05-20 00:00:23 UTC,1,create,,,,41.6419766,-80.4280161,POINT (-80.4280161 41.6419766),2bd108ab-1a31-4e53-9a63-d8fc5fd51751,Admin Pond,Rana catesbeiana,2022-05-18,A3B3,,282.3999938964844,18.324,,,166.8619
de26eb8e-30ac-4926-aee6-a5656cb005a0,2022-05-19 07:52:01 UTC,2022-05-19 07:57:35 UTC,bdh64@pitt.edu,bdh64@pitt.edu,2022-05-20 00:00:24 UTC,2022-05-20 00:00:24 UTC,1,create,,,,41.6419167,-80.428015,POINT (-80.428015 41.6419167),2bd108ab-1a31-4e53-9a63-d8fc5fd51751,Admin Pond,Rana pipiens,2022-05-18,A3,,282.3999938964844,5.437,,,85.11603
ef78ee09-4888-406e-ad3c-0692ea9c6ca5,2022-05-19 07:54:52 UTC,2022-05-19 07:54:57 UTC,bdh64@pitt.edu,bdh64@pitt.edu,2022-05-20 00:00:24 UTC,2022-05-20 00:00:24 UTC,1,create,,,,41.641975,-80.4280149,POINT (-80.4280149 41.641975),2bd108ab-1a31-4e53-9a63-d8fc5fd51751,Admin Pond,Rana pipiens,2022-05-18,A2,,282.3999938964844,2.5,,,258.37372
60aa8635-cc0d-4275-9049-f74cd2be6ea4,2022-05-19 07:57:42 UTC,2022-05-19 07:59:29 UTC,bdh64@pitt.edu,bdh64@pitt.edu,2022-05-20 00:00:25 UTC,2022-05-20 00:00:25 UTC,1,create,,,,41.6419192,-80.4280625,POINT (-80.4280625 41.6419192),2bd108ab-1a31-4e53-9a63-d8fc5fd51751,Admin Pond,Rana pipiens,2022-05-18,A4,,282.3999938964844,2.45,,,355.7984
ab365a83-e2b4-420f-98a7-094e84c0683a,2022-05-19 07:59:36 UTC,2022-05-19 08:02:16 UTC,bdh64@pitt.edu,bdh64@pitt.edu,2022-05-20 00:00:25 UTC,2022-05-20 00:00:25 UTC,1,create,,,,41.6418567,-80.4280958,POINT (-80.4280958 41.6418567),2bd108ab-1a31-4e53-9a63-d8fc5fd51751,Admin Pond,Pseudacris crucifer,2022-05-18,A2,,282.3999938964844,14.757,,,309.96558
fcc88102-313d-4cad-a6cf-4082fb8b8c49,2022-05-19 08:02:23 UTC,2022-05-19 08:04:16 UTC,bdh64@pitt.edu,bdh64@pitt.edu,2022-05-20 00:00:25 UTC,2022-05-20 00:00:25 UTC,1,create,,,,41.642043,-80.4279858,POINT (-80.4279858 41.642043),2bd108ab-1a31-4e53-9a63-d8fc5fd51751,Admin Pond,Pseudacris crucifer,2022-05-18,A3,,282.3999938964844,2.2,,,118.093666
fcc88102-313d-4cad-a6cf-4082fb8b8c49,2022-05-19 08:02:23 UTC,2022-05-20 15:16:56 UTC,bdh64@pitt.edu,bdh64@pitt.edu,2022-05-20 00:00:25 UTC,2022-05-20 15:17:01 UTC,2,update,,,,41.642043,-80.4279858,POINT (-80.4279858 41.642043),2fc39121-8471-494d-ba9e-8493adffa1d6,Admin Pond,Pseudacris crucifer,2022-05-18,A3,,282.3999938964844,2.2,,,118.093666
fe0cc5f7-d57b-4b63-b95b-d0fd4bb44855,2022-05-19 07:36:05 UTC,2022-05-20 15:17:07 UTC,bdh64@pitt.edu,bdh64@pitt.edu,2022-05-20 00:00:23 UTC,2022-05-20 15:17:15 UTC,2,update,,,,41.6418945,-80.4280879,POINT (-80.4280879 41.6418945),fe3ffe3f-cde4-4749-b5f9-406a1faa0f5d,Admin Pond,Rana catesbeiana,2022-05-18,A2B3,,282.3999938964844,2.1,,,20.122458
2eb1d0b4-9396-4257-9b86-6ec4556a6c3e,2022-05-20 04:38:58 UTC,2022-05-20 04:42:05 UTC,bdh64@pitt.edu,bdh64@pitt.edu,2022-05-20 16:53:03 UTC,2022-05-20 16:53:03 UTC,1,create,,,,41.6419034,-80.4280334,POINT (-80.4280334 41.6419034),2b2c1b60-fc80-4d6e-b061-c203476fb1b0,Admin Pond,Rana catesbeiana,2022-05-19,A2A4,,282.3999938964844,2.1,,,293.2363
ecf4f86d-c80d-4dca-8844-8415f8720a60,2022-05-20 04:48:15 UTC,2022-05-20 04:51:00 UTC,bdh64@pitt.edu,bdh64@pitt.edu,2022-05-20 16:53:03 UTC,2022-05-20 16:53:03 UTC,1,create,,,,41.6419592,-80.4280412,POINT (-80.4280412 41.6419592),2b2c1b60-fc80-4d6e-b061-c203476fb1b0,Admin Pond,Rana catesbeiana,2022-05-19,A3B4,,282.3999938964844,3.788,,,325.6845
ce63171b-8e98-40fe-a62f-9561391bb8a4,2022-05-20 04:52:01 UTC,2022-05-20 04:54:00 UTC,bdh64@pitt.edu,bdh64@pitt.edu,2022-05-20 16:53:04 UTC,2022-05-20 16:53:04 UTC,1,create,,,,41.6419333,-80.4279685,POINT (-80.4279685 41.6419333),2b2c1b60-fc80-4d6e-b061-c203476fb1b0,Admin Pond,Rana catesbeiana,2022-05-19,A4B2,,282.3999938964844,2.133,,,149.05908
43d7f751-26b8-4ff2-9d67-0ca3ed089e4b,2022-05-20 04:54:46 UTC,2022-05-20 04:57:57 UTC,bdh64@pitt.edu,bdh64@pitt.edu,2022-05-20 16:53:04 UTC,2022-05-20 16:53:04 UTC,1,create,,,,41.6419217,-80.428012,POINT (-80.428012 41.6419217),2b2c1b60-fc80-4d6e-b061-c203476fb1b0,Admin Pond,Rana catesbeiana,2022-05-19,A4B3,,295.5,2.2,,,164.77846
faf211aa-8c29-4516-b4a2-b4c430a26029,2022-05-20 04:58:04 UTC,2022-05-20 05:00:18 UTC,bdh64@pitt.edu,bdh64@pitt.edu,2022-05-20 16:53:04 UTC,2022-05-20 16:53:04 UTC,1,create,,,,41.6419283,-80.4280601,POINT (-80.4280601 41.6419283),2b2c1b60-fc80-4d6e-b061-c203476fb1b0,Admin Pond,Rana catesbeiana,2022-05-19,A4B4,,282.3999938964844,2.42,,,225.12369
9223dad1-06dd-4544-8f6c-c1097c404dcd,2022-05-20 05:00:51 UTC,2022-05-20 05:01:55 UTC,bdh64@pitt.edu,bdh64@pitt.edu,2022-05-20 16:53:05 UTC,2022-05-20 16:53:05 UTC,1,create,,,,41.6419026,-80.4280486,POINT (-80.4280486 41.6419026),2b2c1b60-fc80-4d6e-b061-c203476fb1b0,Admin Pond,Rana catesbeiana,2022-05-19,B2B4,,282.3999938964844,1.5,,,143.87044
77e70f11-73df-48ae-a528-7f6aa000eac9,2022-05-20 05:11:30 UTC,2022-05-20 05:55:16 UTC,bdh64@pitt.edu,bdh64@pitt.edu,2022-05-20 16:53:05 UTC,2022-05-20 16:53:05 UTC,1,create,,,,41.6419598,-80.4281242,POINT (-80.4281242 41.6419598),2b2c1b60-fc80-4d6e-b061-c203476fb1b0,Admin Pond,,2022-05-19,B3B4,,282.3999938964844,12.995,,,180.0
cd015c34-b17f-45de-bebc-972aff09cf68,2022-05-20 05:13:41 UTC,2022-05-20 05:18:03 UTC,bdh64@pitt.edu,bdh64@pitt.edu,2022-05-20 16:53:05 UTC,2022-05-20 16:53:05 UTC,1,create,,,,41.6418735,-80.4280264,POINT (-80.4280264 41.6418735),2b2c1b60-fc80-4d6e-b061-c203476fb1b0,Admin Pond,,2022-05-19,A2C4,,282.3999938964844,2.125,,,129.11543
0ece465b-c22f-44ad-a2b3-60b66810106f,2022-05-20 05:19:39 UTC,2022-05-20 05:19:50 UTC,bdh64@pitt.edu,bdh64@pitt.edu,2022-05-20 16:53:05 UTC,2022-05-20 16:53:05 UTC,1,create,,,,41.641914,-80.4280833,POINT (-80.4280833 41.641914),2b2c1b60-fc80-4d6e-b061-c203476fb1b0,Admin Pond,,2022-05-19,A3C4,,294.7,2.15,,,191.4324
2ba9fae2-7489-4889-949d-7169c7bb974e,2022-05-20 05:24:18 UTC,2022-05-20 05:24:34 UTC,bdh64@pitt.edu,bdh64@pitt.edu,2022-05-20 16:53:05 UTC,2022-05-20 16:53:05 UTC,1,create,,,,41.6419441,-80.4280283,POINT (-80.4280283 41.6419441),2b2c1b60-fc80-4d6e-b061-c203476fb1b0,Admin Pond,,2022-05-19,A4C4,,282.3999938964844,3.566,,,337.7335
872ccfa8-29df-44e6-b4a4-49f6bd83a3f6,2022-05-20 05:28:16 UTC,2022-05-20 05:28:33 UTC,bdh64@pitt.edu,bdh64@pitt.edu,2022-05-20 16:53:06 UTC,2022-05-20 16:53:06 UTC,1,create,,,,41.6419123,-80.4280671,POINT (-80.4280671 41.6419123),2b2c1b60-fc80-4d6e-b061-c203476fb1b0,Admin Pond,,2022-05-19,B2C4,,282.3999938964844,2.1,,,40.207
c41fcf0a-adbf-4d4e-b604-d5887b7f0c77,2022-05-20 05:32:45 UTC,2022-05-20 05:32:51 UTC,bdh64@pitt.edu,bdh64@pitt.edu,2022-05-20 16:53:06 UTC,2022-05-20 16:53:06 UTC,1,create,,,,41.6419083,-80.4279879,POINT (-80.4279879 41.6419083),2b2c1b60-fc80-4d6e-b061-c203476fb1b0,Admin Pond,,2022-05-19,B2,,282.3999938964844,2.4,,,223.7058
4bf16a1b-53e3-4bd9-a7f3-5ce95b789758,2022-05-20 05:34:59 UTC,2022-05-20 05:35:12 UTC,bdh64@pitt.edu,bdh64@pitt.edu,2022-05-20 16:53:06 UTC,2022-05-20 16:53:06 UTC,1,create,,,,41.6419067,-80.42809,POINT (-80.42809 41.6419067),2b2c1b60-fc80-4d6e-b061-c203476fb1b0,Admin Pond,,2022-05-19,B3,,283.5,1.933,,,270.0
c66d5bf6-5dd6-484d-9579-057a979982d0,2022-05-20 05:35:32 UTC,2022-05-20 05:35:36 UTC,bdh64@pitt.edu,bdh64@pitt.edu,2022-05-20 16:53:07 UTC,2022-05-20 16:53:07 UTC,1,create,,,,41.6418473,-80.4281676,POINT (-80.4281676 41.6418473),2b2c1b60-fc80-4d6e-b061-c203476fb1b0,Admin Pond,,2022-05-19,B4,,282.3999938964844,11.657,,,346.4167
b04f061e-2f17-4b86-971f-620d3a7e7e13,2022-05-20 05:38:53 UTC,2022-05-20 05:38:58 UTC,bdh64@pitt.edu,bdh64@pitt.edu,2022-05-20 16:53:07 UTC,2022-05-20 16:53:07 UTC,1,create,,,,41.6419067,-80.4280367,POINT (-80.4280367 41.6419067),2b2c1b60-fc80-4d6e-b061-c203476fb1b0,Admin Pond,,2022-05-19,A4,,285.2,1.5,,,30.43365
93e1c849-e5cf-4f64-b376-5c6879db98e0,2022-05-20 05:39:59 UTC,2022-05-20 05:40:12 UTC,bdh64@pitt.edu,bdh64@pitt.edu,2022-05-20 16:53:07 UTC,2022-05-20 16:53:07 UTC,1,create,,,,41.6419501,-80.4280719,POINT (-80.4280719 41.6419501),2b2c1b60-fc80-4d6e-b061-c203476fb1b0,Admin Pond,,2022-05-19,A4,,282.3999938964844,1.55,,,176.455
b524ad08-f189-4809-ad1c-4a185c022236,2022-05-20 05:40:29 UTC,2022-05-20 05:40:32 UTC,bdh64@pitt.edu,bdh64@pitt.edu,2022-05-20 16:53:07 UTC,2022-05-20 16:53:07 UTC,1,create,,,,41.6419324,-80.4280103,POINT (-80.4280103 41.6419324),2b2c1b60-fc80-4d6e-b061-c203476fb1b0,Admin Pond,,2022-05-19,B2,,282.3999938964844,1.966,,,44.319225
1a7147a3-ba34-4098-b308-aba3ae980dbf,2022-05-20 05:41:57 UTC,2022-05-20 05:42:04 UTC,bdh64@pitt.edu,bdh64@pitt.edu,2022-05-20 16:53:08 UTC,2022-05-20 16:53:08 UTC,1,create,,,,41.641861,-80.4280005,POINT (-80.4280005 41.641861),2b2c1b60-fc80-4d6e-b061-c203476fb1b0,Admin Pond,,2022-05-19,B3,,282.3999938964844,2.483,,,213.93106
a0841d0b-1197-4fef-beaf-e14eb80f4fcd,2022-05-20 05:46:53 UTC,2022-05-20 05:47:05 UTC,bdh64@pitt.edu,bdh64@pitt.edu,2022-05-20 16:53:08 UTC,2022-05-20 16:53:08 UTC,1,create,,,,41.6418738,-80.4281031,POINT (-80.4281031 41.6418738),2b2c1b60-fc80-4d6e-b061-c203476fb1b0,Admin Pond,Rana catesbeiana,2022-05-19,A2A3,,282.3999938964844,1.74,,,126.97772
c1dcc31c-87eb-4537-9470-356e318b9b19,2022-05-20 05:56:47 UTC,2022-05-20 05:56:56 UTC,bdh64@pitt.edu,bdh64@pitt.edu,2022-05-20 16:53:08 UTC,2022-05-20 16:53:08 UTC,1,create,,,,41.6418575,-80.4282843,POINT (-80.4282843 41.6418575),2b2c1b60-fc80-4d6e-b061-c203476fb1b0,Admin Pond,,2022-05-19,A2,,282.3999938964844,2.266,,,194.644
f060d7d9-b62f-4ae9-8d65-cf524a94a307,2022-05-20 05:59:44 UTC,2022-05-20 05:59:49 UTC,bdh64@pitt.edu,bdh64@pitt.edu,2022-05-20 16:53:08 UTC,2022-05-20 16:53:08 UTC,1,create,,,,41.6419078,-80.4281006,POINT (-80.4281006 41.6419078),2b2c1b60-fc80-4d6e-b061-c203476fb1b0,Admin Pond,,2022-05-19,A4,,282.3999938964844,2.14,,,285.5288
903d8341-b574-404e-8659-6a7323041bbe,2022-05-20 06:05:43 UTC,2022-05-20 06:07:37 UTC,bdh64@pitt.edu,bdh64@pitt.edu,2022-05-20 16:53:09 UTC,2022-05-20 16:53:09 UTC,1,create,,,,41.6419667,-80.42811,POINT (-80.42811 41.6419667),2b2c1b60-fc80-4d6e-b061-c203476fb1b0,Admin Pond,,2022-05-19,,A1A2,282.3999938964844,1.9,,,0.012029745
357f2934-a97e-420d-9340-df83654030c3,2022-05-20 06:11:02 UTC,2022-05-20 06:11:11 UTC,bdh64@pitt.edu,bdh64@pitt.edu,2022-05-20 16:53:09 UTC,2022-05-20 16:53:09 UTC,1,create,,,,41.6419272,-80.4281024,POINT (-80.4281024 41.6419272),2b2c1b60-fc80-4d6e-b061-c203476fb1b0,Admin Pond,,2022-05-19,B2,,296.9,2.18,,,310.94843
8587650d-e715-469e-bec9-3c1727c51ca1,2022-05-20 06:13:17 UTC,2022-05-20 06:13:37 UTC,bdh64@pitt.edu,bdh64@pitt.edu,2022-05-20 16:53:09 UTC,2022-05-20 16:53:09 UTC,1,create,,,,41.641907,-80.4281144,POINT (-80.4281144 41.641907),2b2c1b60-fc80-4d6e-b061-c203476fb1b0,Admin Pond,,2022-05-19,A3B2,,282.3999938964844,3.083,,,166.5
63928a8b-bc3f-43eb-912a-c0eaf88444d2,2022-05-20 06:15:22 UTC,2022-05-20 06:16:07 UTC,bdh64@pitt.edu,bdh64@pitt.edu,2022-05-20 16:53:10 UTC,2022-05-20 16:53:10 UTC,1,create,,,,41.6418511,-80.4281153,POINT (-80.4281153 41.6418511),2b2c1b60-fc80-4d6e-b061-c203476fb1b0,Admin Pond,,2022-05-19,,B1B2,282.3999938964844,1.94,,,0.002880277
71643ec1-cc76-4ccd-b969-09f38eda3867,2022-05-20 06:17:40 UTC,2022-05-20 06:17:49 UTC,bdh64@pitt.edu,bdh64@pitt.edu,2022-05-20 16:53:10 UTC,2022-05-20 16:53:10 UTC,1,create,,,,41.6419298,-80.4280916,POINT (-80.4280916 41.6419298),2b2c1b60-fc80-4d6e-b061-c203476fb1b0,Admin Pond,,2022-05-19,A3B2,,282.3999938964844,1.9,,,270.00046
2765fa30-d94c-4fcb-9343-55b9133d6ebc,2022-05-20 06:19:46 UTC,2022-05-20 06:19:49 UTC,bdh64@pitt.edu,bdh64@pitt.edu,2022-05-20 16:53:10 UTC,2022-05-20 16:53:10 UTC,1,create,,,,41.6418732,-80.4280292,POINT (-80.4280292 41.6418732),2b2c1b60-fc80-4d6e-b061-c203476fb1b0,Admin Pond,,2022-05-19,A4,,282.3999938964844,2.58,,,359.9998
0e5ae94d-5bd1-48b2-abd4-cce9c2d9e342,2022-05-20 06:22:25 UTC,2022-05-20 06:22:35 UTC,bdh64@pitt.edu,bdh64@pitt.edu,2022-05-20 16:53:10 UTC,2022-05-20 16:53:10 UTC,1,create,,,,41.641937,-80.4281515,POINT (-80.4281515 41.641937),2b2c1b60-fc80-4d6e-b061-c203476fb1b0,Admin Pond,,2022-05-19,A2,,282.3999938964844,3.46,,,70.10025
85800845-46bf-4672-970d-8c960dd9777c,2022-05-20 06:24:59 UTC,2022-05-20 06:25:04 UTC,bdh64@pitt.edu,bdh64@pitt.edu,2022-05-20 16:53:11 UTC,2022-05-20 16:53:11 UTC,1,create,,,,41.6418766,-80.428042,POINT (-80.428042 41.6418766),2b2c1b60-fc80-4d6e-b061-c203476fb1b0,Admin Pond,,2022-05-19,A3,,282.3999938964844,3.1,,,304.36288
28fa1e78-cc91-4a23-8705-340e7a38a0dd,2022-05-20 06:26:42 UTC,2022-05-20 06:26:45 UTC,bdh64@pitt.edu,bdh64@pitt.edu,2022-05-20 16:53:11 UTC,2022-05-20 16:53:11 UTC,1,create,,,,41.6419057,-80.4280383,POINT (-80.4280383 41.6419057),2b2c1b60-fc80-4d6e-b061-c203476fb1b0,Admin Pond,,2022-05-19,A4,,282.3999938964844,2.283,,,44.011024
884e45e1-bee9-4794-9894-0b32ddd3b264,2022-05-20 18:50:52 UTC,2022-05-20 18:51:01 UTC,bdh64@pitt.edu,bdh64@pitt.edu,2022-05-20 19:39:27 UTC,2022-05-20 19:39:27 UTC,1,create,,,,41.6419883,-80.4279933,POINT (-80.4279933 41.6419883),2444ece2-52af-4a88-95a6-5f02bfd71073,Admin Pond,Pseudacris crucifer,2022-05-19,B4,,283.7,1.616,,,180.0
f4a81427-24ba-464d-911a-e6b1eccf14b4,2022-05-27 04:19:36 UTC,2022-05-27 04:22:52 UTC,bdh64@pitt.edu,bdh64@pitt.edu,2022-05-27 05:30:57 UTC,2022-05-27 05:30:57 UTC,1,create,,,,41.5696839,-80.4557835,POINT (-80.4557835 41.5696839),b97cbab2-0da0-42f4-901f-507e89fc1a7e,Wood Lab Pond,Rana catesbeiana,2022-05-27,A2,,330.0,21.6,,,180.06903
70fb0551-610d-46ad-ae59-33bffa0a7d14,2022-05-27 04:23:01 UTC,2022-05-27 04:23:10 UTC,bdh64@pitt.edu,bdh64@pitt.edu,2022-05-27 05:30:57 UTC,2022-05-27 05:30:57 UTC,1,create,,,,41.569561,-80.4557623,POINT (-80.4557623 41.569561),b97cbab2-0da0-42f4-901f-507e89fc1a7e,Wood Lab Pond,Rana catesbeiana,2022-05-27,A2,,311.5,6.6,,,180.0
a693e329-f871-4247-8d4d-1ca915832a9e,2022-05-27 04:23:32 UTC,2022-05-27 04:25:11 UTC,bdh64@pitt.edu,bdh64@pitt.edu,2022-05-27 05:30:58 UTC,2022-05-27 05:30:58 UTC,1,create,,,,41.5698363,-80.4554318,POINT (-80.4554318 41.5698363),b97cbab2-0da0-42f4-901f-507e89fc1a7e,Wood Lab Pond,Rana catesbeiana,2022-05-27,A3,,311.5,7.185,,,5.088888e-13
f152c6ed-4618-4671-ac72-6f573ea37ece,2022-05-27 04:27:05 UTC,2022-05-27 04:28:30 UTC,bdh64@pitt.edu,bdh64@pitt.edu,2022-05-27 05:30:58 UTC,2022-05-27 05:30:58 UTC,1,create,,,,41.5696525,-80.4559192,POINT (-80.4559192 41.5696525),b97cbab2-0da0-42f4-901f-507e89fc1a7e,Wood Lab Pond,Rana catesbeiana,2022-05-27,A4,,311.5,23.6,,,90.0
830a9d2b-02c3-47cb-bc5b-985a81fd7b2b,2022-05-27 04:28:41 UTC,2022-05-27 04:37:16 UTC,bdh64@pitt.edu,bdh64@pitt.edu,2022-05-27 05:30:58 UTC,2022-05-27 05:30:58 UTC,1,create,,,,41.569615,-80.4557433,POINT (-80.4557433 41.569615),b97cbab2-0da0-42f4-901f-507e89fc1a7e,Wood Lab Pond,Rana catesbeiana,2022-05-27,B2,,311.5,6.1,,,180.0
776a8e42-c8ed-4e33-936a-d7084502e091,2022-05-28 03:05:14 UTC,2022-05-28 03:05:33 UTC,bdh64@pitt.edu,bdh64@pitt.edu,2022-05-28 03:58:38 UTC,2022-05-28 03:58:38 UTC,1,create,,,,41.5696371,-80.455805,POINT (-80.455805 41.5696371),9b81ca5b-bf2e-4ebf-a5d0-7e9e34e4fec4,Wood Lab Pond,Rana catesbeiana,2022-05-27,B3,,349.0,4.65,,,180.0
78c44912-ca51-4143-a400-92b454e64146,2022-06-04 03:12:00 UTC,2022-06-04 03:12:07 UTC,bdh64@pitt.edu,bdh64@pitt.edu,2022-06-05 00:30:18 UTC,2022-06-05 00:30:18 UTC,1,create,,,,41.6911333,-80.5124567,POINT (-80.5124567 41.6911333),da466f68-424f-47b0-aad9-8f987d57a540,Wood Lab Pond,Rana catesbeiana,2022-05-27,A2,,315.2,1.8,,,0.0022624827
03085e1c-a035-447f-9bfd-142d59db522d,2022-06-04 03:15:23 UTC,2022-06-04 03:15:29 UTC,bdh64@pitt.edu,bdh64@pitt.edu,2022-06-05 00:30:18 UTC,2022-06-05 00:30:18 UTC,1,create,,,,41.6912365,-80.5125387,POINT (-80.5125387 41.6912365),da466f68-424f-47b0-aad9-8f987d57a540,Wood Lab Pond,Rana catesbeiana,2022-05-27,A3,,279.3,1.8,,,207.81558
74b4226a-b0fb-492b-bbea-12c03ed0611f,2022-06-04 03:46:59 UTC,2022-06-04 03:47:09 UTC,bdh64@pitt.edu,bdh64@pitt.edu,2022-06-05 00:30:19 UTC,2022-06-05 00:30:19 UTC,1,create,,,,41.6912167,-80.5124817,POINT (-80.5124817 41.6912167),da466f68-424f-47b0-aad9-8f987d57a540,Wood Lab Pond,Rana catesbeiana,2022-05-27,A4,,278.7,1.9,,,90.0
c80eee86-7743-4003-8dbe-55542e84c9fc,2022-06-05 03:07:43 UTC,2022-06-05 03:11:42 UTC,bdh64@pitt.edu,bdh64@pitt.edu,2022-06-05 16:04:43 UTC,2022-06-05 16:04:43 UTC,1,create,,,,41.6912211,-80.5125105,POINT (-80.5125105 41.6912211),1b74f342-9977-4e14-86af-83d49e6afa99,Phelps Pond,Rana catesbeiana,2022-06-04,B2,,283.3,1.983,,,276.45657
bc8c8f0f-3fc0-4238-b262-9dc62c8728cd,2022-06-05 03:12:20 UTC,2022-06-05 03:12:29 UTC,bdh64@pitt.edu,bdh64@pitt.edu,2022-06-05 16:04:44 UTC,2022-06-05 16:04:44 UTC,1,create,,,,41.6912198,-80.5125583,POINT (-80.5125583 41.6912198),1b74f342-9977-4e14-86af-83d49e6afa99,Phelps Pond,Rana catesbeiana,2022-06-04,B3,,284.1,1.54,,,257.90186
55e279cf-b8f9-4627-b306-3ef2094af252,2022-06-05 03:14:08 UTC,2022-06-05 03:14:17 UTC,bdh64@pitt.edu,bdh64@pitt.edu,2022-06-05 16:04:45 UTC,2022-06-05 16:04:45 UTC,1,create,,,,41.6912585,-80.512538,POINT (-80.512538 41.6912585),1b74f342-9977-4e14-86af-83d49e6afa99,Phelps Pond,Rana catesbeiana,2022-06-04,B4,,286.29998779296875,1.48,,,80.76036
d6ddf0f7-2c32-479b-9fca-3922d56c504d,2022-06-05 03:15:37 UTC,2022-06-05 04:24:59 UTC,bdh64@pitt.edu,bdh64@pitt.edu,2022-06-05 16:04:45 UTC,2022-06-05 16:04:45 UTC,1,create,,,,41.6912339,-80.5124488,POINT (-80.5124488 41.6912339),1b74f342-9977-4e14-86af-83d49e6afa99,Phelps Pond,Rana catesbeiana,2022-06-04,A2B2,,277.9,1.94,,,140.97197
d16512df-f936-46b3-8833-51ad681256b6,2022-06-05 03:17:05 UTC,2022-06-05 04:26:08 UTC,bdh64@pitt.edu,bdh64@pitt.edu,2022-06-05 16:04:46 UTC,2022-06-05 16:04:46 UTC,1,create,,,,41.6912093,-80.5125407,POINT (-80.5125407 41.6912093),1b74f342-9977-4e14-86af-83d49e6afa99,Phelps Pond,Rana catesbeiana,2022-06-04,A2B3,,274.7,1.433,,,67.46702
f4a2c8bb-c8b2-4a4f-b2dc-a1e52aad1eba,2022-06-08 05:15:09 UTC,2022-06-08 05:15:28 UTC,bdh64@pitt.edu,bdh64@pitt.edu,2022-06-08 16:50:11 UTC,2022-06-08 16:50:11 UTC,1,create,,,,41.6918622,-80.4997764,POINT (-80.4997764 41.6918622),167b51fd-aa2d-4a97-b562-c07ffe5d59cf,RV Pond,Rana catesbeiana,2022-06-04,A2,,280.4,3.5,,,302.7049
aadd5160-95f6-40e5-9f21-ebf1ecd2ee8d,2022-06-08 05:18:30 UTC,2022-06-08 05:18:42 UTC,bdh64@pitt.edu,bdh64@pitt.edu,2022-06-08 16:50:12 UTC,2022-06-08 16:50:12 UTC,1,create,,,,41.6918387,-80.4997745,POINT (-80.4997745 41.6918387),167b51fd-aa2d-4a97-b562-c07ffe5d59cf,RV Pond,Rana catesbeiana,2022-06-04,A3,,281.0,1.5,,,101.02852
7596b49b-9cb9-4cfa-a576-d70769fba08f,2022-06-08 05:20:15 UTC,2022-06-08 05:20:57 UTC,bdh64@pitt.edu,bdh64@pitt.edu,2022-06-08 16:50:12 UTC,2022-06-08 16:50:12 UTC,1,create,,,,41.6918142,-80.4998058,POINT (-80.4998058 41.6918142),167b51fd-aa2d-4a97-b562-c07ffe5d59cf,RV Pond,Rana catesbeiana,2022-06-04,A3A4,,282.8,1.74,,,357.5825
18cf979a-b3fa-433c-94e3-1d5522b8f42d,2022-06-08 05:23:03 UTC,2022-06-08 05:23:26 UTC,bdh64@pitt.edu,bdh64@pitt.edu,2022-06-08 16:50:13 UTC,2022-06-08 16:50:13 UTC,1,create,,,,41.6918139,-80.4997888,POINT (-80.4997888 41.6918139),167b51fd-aa2d-4a97-b562-c07ffe5d59cf,RV Pond,Rana catesbeiana,2022-06-04,A4,,285.2,1.4,,,274.29053
0eedb390-6cb0-4a06-a912-2c2e5d489393,2022-06-08 05:24:38 UTC,2022-06-08 05:24:50 UTC,bdh64@pitt.edu,bdh64@pitt.edu,2022-06-08 16:50:13 UTC,2022-06-08 16:50:13 UTC,1,create,,,,41.6918454,-80.4998117,POINT (-80.4998117 41.6918454),167b51fd-aa2d-4a97-b562-c07ffe5d59cf,RV Pond,Rana catesbeiana,2022-06-04,B2,,285.5,1.9,,,49.304893
17ad93d0-53d4-4bac-8869-f34ad0ad60b9,2022-06-08 05:26:34 UTC,2022-06-08 05:27:06 UTC,bdh64@pitt.edu,bdh64@pitt.edu,2022-06-08 16:50:13 UTC,2022-06-08 16:50:13 UTC,1,create,,,,41.6918381,-80.4997931,POINT (-80.4997931 41.6918381),167b51fd-aa2d-4a97-b562-c07ffe5d59cf,RV Pond,Rana catesbeiana,2022-06-04,B3,,288.0,1.84,,,30.744024
87d2e23b-f3d6-49f7-9a33-2918eb5bfc98,2022-06-08 05:27:41 UTC,2022-06-08 05:27:49 UTC,bdh64@pitt.edu,bdh64@pitt.edu,2022-06-08 16:50:13 UTC,2022-06-08 16:50:13 UTC,1,create,,,,41.6918231,-80.499836,POINT (-80.499836 41.6918231),167b51fd-aa2d-4a97-b562-c07ffe5d59cf,RV Pond,Rana catesbeiana,2022-06-04,B4,,288.7,1.4,,,185.97716
